시도,시군구,사고건수[건],사망자수[명],부상자수[명],중상자[명],경상자[명],연도,일,월,화,수,목,금,토,00시-02시,02시-04시,04시-06시,06시-08시,08시-10시,10시-12시,12시-14시,14시-16시,16시-18시,18시-20시,20시-22시,22시-24시,Class
서울,도봉구,852,4,1163,286,742,2019,107,131,117,114,122,145,116,43,24,22,37,76,67,96,100,108,121,91,67,False
광주,광산구,2088,15,3444,361,2896,2020,197,342,317,322,315,324,271,90,37,44,125,176,155,190,223,322,330,236,160,False
서울,용산구,1014,5,1369,257,1071,2021,106,146,163,141,136,167,155,33,17,17,36,93,98,97,118,128,165,101,111,False
경북,안동시,727,26,1086,291,738,2022,72,97,111,114,109,118,106,9,6,16,36,83,78,99,106,105,90,66,33,True
경기,의왕시,488,10,780,165,546,2019,57,69,70,69,92,75,56,19,9,19,32,59,48,64,50,65,61,37,25,False
서울,용산구,890,12,1178,246,900,2020,83,124,114,144,141,153,131,52,28,23,40,67,85,93,102,104,135,93,68,False
경기,안양시,1134,15,1616,328,1210,2022,135,142,163,166,169,195,164,62,24,27,62,125,94,101,108,149,167,127,88,False
대구,서구,1250,17,1773,379,1233,2018,129,200,181,178,188,201,173,59,40,42,70,114,125,116,136,149,198,119,82,False
경기,안성시,1072,24,1717,295,1284,2021,120,169,145,166,160,165,147,28,9,19,60,114,112,125,121,158,163,99,64,False
전남,해남군,285,14,424,118,302,2021,22,47,49,46,39,46,36,6,2,3,12,44,37,38,39,36,38,17,13,True
경기,고양시,3916,39,5794,1096,4126,2019,442,548,608,551,580,604,583,172,107,89,207,436,358,391,416,495,570,355,320,False
대구,달서구,2558,15,3535,619,2775,2022,254,394,379,392,394,405,340,98,37,39,132,273,244,266,269,345,398,275,182,False
경북,울릉군,13,1,18,7,11,2020,2,1,3,1,1,2,3,0,0,0,1,4,1,3,2,2,0,0,0,True
세종,세종시,795,20,1142,288,824,2018,76,122,130,108,112,128,119,34,16,18,58,93,64,71,81,102,112,87,59,True
부산,북구,694,11,922,209,642,2020,83,97,103,95,100,104,112,22,16,17,40,45,53,79,89,84,121,85,43,False
충남,천안시,3137,42,4653,793,3640,2019,345,449,482,428,440,528,465,144,91,84,189,298,276,337,333,352,474,304,255,False
충북,제천시,701,16,1158,226,874,2022,87,91,113,107,97,121,85,15,8,12,35,69,62,99,91,115,97,66,32,False
부산,동래구,1103,6,1482,337,1011,2019,126,151,161,197,135,164,169,48,31,31,60,111,100,123,117,143,141,112,86,False
강원,철원군,145,5,240,97,141,2018,13,19,23,13,17,35,25,3,1,3,9,11,21,16,22,16,19,15,9,True
서울,강서구,1502,11,2208,489,1546,2018,174,204,198,223,240,225,238,95,67,82,96,145,119,130,132,176,165,171,124,False
서울,광진구,708,9,966,192,739,2022,91,102,104,107,93,102,109,41,26,22,24,69,55,64,78,82,100,84,63,False
경기,성남시,3801,39,5745,1194,3955,2019,415,577,553,578,581,584,513,186,106,123,204,379,386,384,416,428,503,381,305,False
전남,고흥군,317,17,484,141,323,2020,51,59,43,45,39,43,37,3,5,10,20,44,42,36,49,56,29,15,8,True
인천,남동구,1563,15,2231,316,1812,2022,173,196,248,238,214,261,233,68,41,63,87,173,143,133,175,197,206,171,106,False
전남,신안군,97,8,171,46,122,2022,8,14,18,13,15,9,20,3,1,4,2,17,16,13,12,14,10,2,3,True
제주,제주시,3003,42,4531,889,3138,2018,358,455,453,403,466,451,417,141,81,54,162,287,260,337,369,431,412,278,191,False
충북,단양군,135,8,223,68,149,2018,20,24,19,14,13,24,21,1,1,1,3,9,24,22,25,19,16,6,8,True
서울,영등포구,1998,20,2707,424,2068,2022,212,261,311,262,304,323,325,81,53,48,113,197,188,225,226,231,253,194,189,False
인천,강화군,198,10,273,68,199,2022,35,30,20,25,28,28,32,5,0,4,13,14,28,31,39,22,24,11,7,True
경북,울릉군,11,2,10,6,4,2021,1,0,4,1,1,3,1,0,0,0,0,2,2,0,4,1,1,1,0,True
충북,영동군,133,8,187,88,94,2022,15,18,19,24,21,18,18,3,0,1,10,18,16,20,15,18,21,5,6,True
충남,당진시,783,33,1207,375,806,2019,100,110,111,116,109,132,105,18,9,20,43,73,75,93,91,104,127,79,51,True
경북,군위군,119,6,188,59,124,2021,18,13,11,18,16,22,21,1,2,4,4,16,20,11,25,16,12,3,5,True
서울,동작구,1307,10,1819,304,1313,2020,157,204,184,190,174,220,178,68,30,46,73,115,121,138,136,158,176,134,112,False
경남,사천시,668,11,1041,311,634,2019,69,99,96,82,106,127,89,21,15,19,53,59,79,80,79,91,76,56,40,True
경남,창원시(통합),2649,61,3510,828,2499,2022,286,394,345,394,443,424,363,85,44,60,152,260,261,273,305,366,393,260,190,False
대구,수성구,2016,20,3064,659,2182,2018,194,298,328,306,293,282,315,101,75,70,80,168,164,180,221,266,298,218,175,False
대구,동구,1656,14,2435,441,1806,2021,187,274,225,240,200,270,260,45,35,27,54,144,174,195,227,234,282,135,104,False
전북,김제시,481,23,874,183,678,2019,50,82,70,72,68,75,64,11,3,13,29,46,58,60,71,74,57,39,20,False
제주,서귀포시,1273,26,2052,519,1305,2019,158,165,184,197,188,185,196,42,19,28,69,137,146,157,171,190,165,89,60,True
인천,동구,154,3,215,44,165,2019,18,14,23,24,31,31,13,6,3,4,8,20,19,15,13,21,18,18,9,False
서울,서초구,2478,18,3640,693,2625,2018,231,368,334,341,405,426,373,131,98,106,142,240,262,251,226,279,289,216,238,False
강원,동해시,362,2,579,111,464,2021,41,56,56,57,43,59,50,7,2,2,16,39,40,49,62,54,49,22,20,False
충북,충주시,1349,27,2229,535,1553,2018,164,204,179,216,187,208,191,41,36,25,68,133,116,144,182,173,203,140,88,False
경북,김천시,615,19,830,240,573,2018,72,97,85,93,99,87,82,14,6,15,41,61,60,67,72,94,89,64,32,True
전남,보성군,276,15,440,127,285,2019,16,48,41,41,41,51,38,3,3,5,14,45,39,40,40,36,31,15,5,True
부산,영도구,332,5,423,135,267,2018,29,57,49,33,54,65,45,8,8,9,17,35,35,34,41,55,42,36,12,True
제주,서귀포시,1311,18,2100,469,1422,2021,185,181,179,205,189,196,176,33,10,15,56,130,167,187,177,203,176,97,60,False
경남,하동군,143,11,205,91,99,2019,17,19,25,21,22,17,22,2,1,2,4,25,20,14,22,24,17,9,3,True
전북,완주군,278,17,422,119,296,2019,29,43,45,35,45,47,34,5,4,7,24,34,31,25,34,31,43,27,13,True
전남,담양군,292,4,488,89,385,2021,41,28,47,50,42,39,45,4,0,2,25,35,39,37,41,55,33,11,10,False
전남,고흥군,275,15,430,132,280,2021,44,45,33,39,37,50,27,4,4,3,12,43,40,50,42,35,21,13,8,True
대구,중구,720,3,1025,180,676,2022,80,88,100,104,86,120,142,48,28,26,23,50,62,69,104,87,87,79,57,False
전북,부안군,200,11,304,75,228,2021,23,25,31,37,24,30,30,3,0,6,6,30,27,26,22,30,26,18,6,False
경기,의왕시,300,10,471,79,371,2022,22,38,54,46,52,60,28,16,4,8,21,32,31,23,37,33,47,28,20,False
충남,태안군,322,14,502,194,267,2018,47,56,45,38,46,39,51,15,9,5,17,30,51,37,39,42,45,20,12,True
충북,옥천군,160,5,223,76,142,2020,11,24,22,23,28,27,25,2,1,1,16,19,18,22,25,25,17,8,6,True
경남,밀양시,532,23,728,260,432,2019,57,78,73,80,75,78,91,11,6,20,34,65,63,57,71,66,64,53,22,True
인천,계양구,802,14,1135,269,796,2018,103,136,100,116,101,112,134,54,24,41,60,75,86,55,73,91,107,69,67,False
경북,성주군,254,9,372,92,275,2020,26,45,49,46,25,31,32,5,1,7,10,32,36,37,27,42,29,16,12,True
경기,시흥시,2293,26,3497,631,2666,2020,279,347,326,329,344,349,319,100,49,76,176,224,189,194,246,301,324,249,165,False
경남,창녕군,263,2,380,146,213,2021,37,36,41,36,37,35,41,5,2,4,16,28,32,39,43,29,32,21,12,True
서울,중구,854,3,1156,250,826,2021,74,112,135,141,144,160,88,27,28,19,34,61,83,116,96,81,138,90,81,False
서울,은평구,918,9,1256,273,895,2022,110,118,130,134,145,155,126,36,20,22,39,86,87,100,122,111,120,101,74,False
강원,강릉시,653,17,965,216,738,2021,88,86,85,101,83,101,109,13,7,5,24,62,71,79,113,94,77,56,52,False
전북,진안군,77,7,137,57,76,2019,8,12,16,9,13,7,12,1,0,0,4,8,11,13,10,13,12,2,3,True
대전,동구,1430,14,2162,332,1782,2019,160,223,219,224,175,213,216,52,28,31,70,150,141,144,185,184,217,128,100,False
전남,영암군,323,14,527,80,440,2021,40,56,36,46,45,56,44,9,4,7,22,27,40,47,39,49,49,17,13,False
경기,여주시,558,15,940,172,719,2022,75,81,91,67,66,88,90,11,8,11,30,57,77,74,81,80,62,50,17,False
경기,가평군,396,8,678,150,494,2019,79,41,44,43,47,56,86,10,2,6,14,35,50,65,69,53,48,34,10,False
서울,은평구,953,14,1415,275,1007,2020,128,139,128,132,150,133,143,62,20,36,44,70,83,119,105,99,126,99,90,False
전남,담양군,321,12,594,112,467,2019,40,46,36,57,51,52,39,4,3,9,19,44,51,43,56,45,28,9,10,False
경남,사천시,624,11,969,276,611,2020,64,91,88,87,92,96,106,11,5,23,47,52,73,76,67,89,92,49,40,True
울산,중구,624,8,849,224,565,2021,63,85,103,98,82,106,87,17,9,14,28,60,62,62,78,77,101,72,44,True
서울,금천구,827,16,1167,205,876,2021,93,101,123,122,133,142,113,30,14,25,39,63,85,95,87,81,140,97,71,False
인천,미추홀구,1141,9,1554,273,1150,2020,110,183,168,182,156,173,169,64,41,44,50,88,112,99,124,136,159,119,105,False
충남,천안시,2937,47,4157,627,3321,2022,303,413,440,421,437,478,445,122,63,69,168,283,287,296,328,357,400,337,227,False
경기,안산시,3878,42,5909,1152,4427,2018,424,571,534,581,577,625,566,188,87,132,269,363,300,327,380,462,594,448,328,False
전북,무주군,92,8,143,46,97,2022,13,15,10,10,10,18,16,4,1,1,6,13,10,15,10,13,13,5,1,True
경남,하동군,127,9,188,77,105,2022,17,22,19,11,16,30,12,3,0,2,7,14,22,14,18,22,12,8,5,True
전북,전주시,1918,26,2720,457,2234,2022,201,260,285,300,277,328,267,85,31,48,89,192,181,199,248,259,249,185,152,False
강원,홍천군,331,13,537,145,368,2018,35,43,42,44,51,51,65,9,5,0,16,44,42,45,50,53,31,21,15,True
부산,강서구,783,15,1188,279,856,2021,68,111,120,103,140,147,94,14,10,20,85,96,71,90,93,110,98,58,38,False
전북,익산시,1094,27,1598,286,1296,2020,92,172,173,194,156,161,146,36,29,29,67,104,115,114,121,155,156,103,65,False
대구,중구,621,6,906,144,608,2021,71,101,72,83,92,97,105,37,21,22,20,40,54,69,90,88,87,50,43,False
강원,속초시,446,1,699,193,495,2020,69,62,52,50,62,74,77,25,4,5,18,45,51,50,56,49,64,43,36,True
경기,연천군,189,6,313,75,206,2018,23,38,28,26,21,30,23,7,1,1,10,32,26,12,26,22,23,14,15,False
전북,남원시,291,12,375,137,233,2021,37,55,41,44,34,33,47,6,1,7,18,36,45,36,33,43,46,17,3,True
서울,중랑구,1447,4,1952,381,1345,2020,153,225,237,186,210,230,206,63,41,45,71,121,133,140,161,173,214,169,116,False
경남,거창군,274,9,359,123,228,2021,23,37,46,37,41,54,36,3,6,1,8,33,37,43,38,41,38,14,12,True
강원,동해시,356,5,523,97,420,2018,38,55,53,48,61,44,57,5,4,6,18,44,41,42,41,60,41,34,20,False
경기,남양주시,1970,24,2927,558,2228,2022,224,287,275,292,291,296,305,64,31,40,90,235,174,228,259,256,297,175,121,False
전북,순창군,103,12,145,33,83,2022,8,16,11,13,13,15,27,0,0,2,6,12,18,13,21,9,12,6,4,False
부산,진구,1625,18,2179,658,1324,2018,219,231,218,244,230,231,252,103,81,92,75,130,111,146,182,203,201,172,129,True
부산,영도구,341,4,462,123,312,2021,37,56,44,51,51,55,47,10,3,7,11,32,40,41,48,55,40,39,15,True
경북,안동시,929,22,1470,330,1071,2020,87,124,146,139,145,168,120,32,19,10,43,99,113,132,127,103,124,73,54,False
강원,영월군,154,7,227,78,79,2020,17,19,16,21,25,33,23,1,0,3,4,16,18,30,20,26,15,15,6,True
울산,북구,786,8,1149,251,789,2021,89,114,94,115,122,146,106,46,16,26,50,63,58,95,101,103,103,75,50,False
강원,삼척시,257,6,384,79,303,2021,31,44,34,34,31,46,37,1,2,8,15,32,23,42,34,48,35,12,5,False
경남,거창군,253,18,317,127,184,2020,20,44,38,34,45,36,36,7,6,4,8,33,31,34,27,44,30,22,7,True
충남,계룡시,56,2,77,13,61,2021,5,9,10,13,10,8,1,1,1,0,5,5,4,9,6,8,11,3,3,False
충남,서산시,667,22,955,334,574,2021,82,105,89,89,98,104,100,25,11,15,37,66,68,78,89,91,82,63,42,True
충북,옥천군,120,5,160,57,102,2022,7,22,18,17,19,18,19,0,2,3,5,15,12,17,20,18,17,6,5,True
전북,임실군,119,8,162,62,96,2021,11,22,18,20,21,10,17,0,0,3,8,26,19,11,25,13,10,2,2,True
경북,상주시,445,23,654,178,446,2022,56,65,69,69,56,64,66,8,3,4,18,44,58,59,71,79,49,34,18,True
경남,남해군,194,5,275,106,129,2021,30,30,23,14,35,27,35,1,1,1,10,23,30,25,37,24,21,11,10,True
부산,중구,357,3,479,100,351,2022,47,46,51,49,49,56,59,20,6,2,17,30,45,38,47,40,46,32,34,False
충남,아산시,1083,36,1521,401,1059,2019,133,148,151,179,168,152,152,51,21,24,75,122,77,93,119,139,156,115,91,True
대구,남구,892,7,1349,199,1013,2020,101,129,132,149,139,118,124,39,24,27,40,96,82,103,103,117,131,64,66,False
전북,완주군,235,15,352,94,250,2020,23,40,28,31,40,48,25,6,6,9,16,29,23,29,22,36,28,20,11,True
대전,유성구,1645,13,2472,336,2031,2022,179,221,210,266,262,262,245,66,18,32,93,173,169,194,191,225,222,140,122,False
서울,동대문구,1534,12,1843,367,1308,2022,179,226,214,231,245,227,212,61,28,26,79,169,184,170,176,215,189,144,93,False
경남,거창군,228,10,305,120,169,2022,33,31,32,38,30,29,35,3,2,2,18,20,31,33,29,36,29,12,13,True
강원,삼척시,209,8,289,80,209,2022,21,26,35,41,27,30,29,2,1,7,7,17,26,30,38,34,31,13,3,True
인천,옹진군,35,2,64,11,48,2020,7,6,2,3,2,6,9,0,1,1,4,3,5,4,4,3,5,3,2,False
충남,서산시,797,30,1249,487,690,2018,85,127,118,103,114,144,106,29,21,20,52,72,59,75,93,102,115,104,55,True
충북,보은군,149,6,224,96,121,2018,12,26,19,22,23,24,23,3,1,2,7,14,24,21,20,25,18,8,6,True
경북,안동시,774,19,1212,235,949,2021,87,110,105,122,115,117,118,27,9,8,41,76,82,98,113,112,124,50,34,False
경남,하동군,149,10,191,91,94,2018,16,23,20,20,26,26,18,1,0,4,9,18,23,21,18,21,18,9,7,True
강원,고성군,138,1,220,51,162,2019,14,24,28,16,16,23,17,1,1,1,9,23,25,17,9,18,18,8,8,False
강원,영월군,136,2,227,91,113,2021,16,23,16,23,23,13,22,3,1,1,9,19,20,19,23,13,21,3,4,True
경북,봉화군,149,1,257,67,161,2018,17,19,26,22,20,27,18,0,2,2,7,24,22,23,20,20,17,7,5,True
서울,광진구,1108,10,1474,343,1046,2018,143,144,159,158,156,182,166,104,51,34,64,107,89,104,98,107,103,124,123,False
대구,중구,709,8,1056,177,671,2020,88,101,114,98,105,117,86,46,44,32,31,67,69,67,76,87,88,55,47,False
경기,군포시,709,9,1043,176,718,2020,60,103,111,118,104,125,88,28,14,16,52,71,62,75,73,86,95,84,53,False
강원,양구군,81,6,122,25,88,2021,14,11,12,7,10,16,11,2,1,4,3,11,12,10,7,5,15,9,2,False
대구,달서구,3221,15,4714,777,3567,2020,327,488,505,546,456,468,431,136,71,73,167,253,317,317,368,429,537,336,217,False
전북,익산시,826,25,1185,252,917,2022,81,120,148,111,124,131,111,26,12,11,58,92,90,101,93,109,111,71,52,False
경기,가평군,364,5,595,111,451,2020,59,43,52,45,51,53,61,7,4,5,19,35,56,61,58,46,38,25,10,False
울산,북구,632,16,991,261,656,2018,63,105,87,91,90,107,89,47,17,30,47,60,47,45,67,77,79,57,59,True
충남,서천군,274,9,397,95,300,2022,41,42,43,35,44,45,24,1,0,4,14,49,42,35,40,33,26,22,8,False
경남,거제시,1011,17,1500,491,974,2019,111,141,153,160,182,155,109,34,22,18,80,87,95,97,110,145,171,84,68,True
서울,양천구,1344,7,1829,323,1386,2020,116,211,215,226,196,206,174,65,32,31,75,128,120,159,156,169,174,142,93,False
전북,완주군,218,20,311,73,234,2022,23,33,30,26,44,32,30,5,4,5,19,27,26,17,25,30,28,20,12,False
경북,상주시,604,34,854,337,509,2018,75,83,80,88,88,94,96,11,9,9,33,71,78,75,87,96,73,40,22,True
충남,보령시,347,18,494,229,262,2018,44,41,68,42,41,50,61,18,7,11,16,48,32,34,31,44,46,38,22,True
경기,양평군,591,13,955,223,625,2019,106,75,65,71,72,95,107,11,3,12,30,54,89,95,93,88,64,32,20,False
대전,중구,1128,12,1657,307,1283,2018,134,180,155,152,165,183,159,58,40,29,47,97,98,117,125,155,166,114,82,False
충남,논산시,347,18,524,167,342,2022,30,56,55,48,31,68,59,10,5,6,19,26,43,44,29,49,54,35,27,True
전남,담양군,305,16,518,137,370,2018,33,34,53,44,47,51,43,5,3,2,14,30,38,55,54,53,26,18,7,True
서울,서대문구,930,9,1206,236,810,2021,107,133,146,117,138,166,123,28,19,16,47,73,84,109,108,124,145,100,77,False
경남,창원시(통합),2556,52,3511,913,2473,2021,294,391,376,403,353,403,336,79,37,58,153,234,259,274,266,352,381,285,178,True
경기,오산시,1057,7,1582,244,1189,2019,119,132,163,183,170,170,120,50,32,32,65,137,67,89,108,131,159,113,74,False
충북,음성군,528,12,814,213,576,2021,53,81,71,88,74,98,63,8,7,12,39,60,43,47,54,74,84,66,34,True
인천,서구,1314,19,1823,448,1321,2018,135,207,200,197,201,198,176,70,38,55,79,142,107,109,142,154,182,131,105,False
경남,진주시,842,28,1082,496,556,2019,113,120,121,125,117,116,130,41,22,22,41,76,87,73,69,106,133,103,69,True
부산,연제구,744,8,977,243,642,2020,77,119,114,125,99,115,95,32,19,19,28,78,88,96,81,87,95,73,48,True
충남,홍성군,322,29,467,144,320,2018,31,45,48,55,48,52,43,11,6,10,18,34,33,26,30,48,54,30,22,True
경남,진주시,568,25,684,264,401,2022,46,91,81,89,82,98,81,15,12,12,28,58,56,60,62,79,92,56,38,True
전남,영광군,225,11,347,91,227,2019,17,33,29,34,31,37,44,3,2,4,17,23,35,25,31,28,32,17,8,True
인천,연수구,687,17,978,255,691,2018,68,82,102,95,111,117,112,45,27,26,33,64,63,52,65,84,93,71,64,True
서울,영등포구,2178,15,2967,472,2270,2021,237,295,318,320,306,379,323,74,28,52,101,165,216,294,264,273,301,239,171,False
전남,순천시,1340,27,2021,370,1602,2020,137,189,198,193,218,187,218,41,28,28,66,154,143,132,140,176,221,133,78,False
경북,구미시,1652,29,2338,516,1686,2022,183,209,281,241,251,272,215,71,30,26,109,180,154,163,167,208,251,182,111,False
부산,북구,447,4,605,131,442,2022,50,67,65,56,65,68,76,13,8,11,23,41,41,46,55,61,73,46,29,False
인천,연수구,655,8,932,228,687,2020,77,95,99,102,92,96,94,41,22,13,32,53,53,60,74,76,103,85,43,False
경북,청도군,221,15,361,110,242,2018,39,41,24,36,22,27,32,2,0,8,15,26,34,18,37,29,27,17,8,True
강원,인제군,94,8,148,73,70,2019,18,10,11,12,11,14,18,0,1,5,4,13,11,16,17,10,7,5,5,True
대전,동구,1102,16,1633,286,1309,2020,132,172,147,138,167,183,163,50,25,20,43,107,115,131,127,144,169,109,62,False
부산,동구,574,3,826,196,561,2019,60,92,87,74,82,91,88,22,18,20,32,50,66,71,72,68,70,41,44,False
울산,중구,769,10,1080,251,704,2018,94,122,121,96,105,111,120,32,18,26,55,56,61,82,86,95,117,74,67,False
강원,철원군,144,12,220,57,161,2019,19,27,20,22,15,17,24,3,0,1,10,25,18,19,21,20,14,8,5,True
경북,청송군,89,7,126,63,62,2019,10,14,19,9,7,17,13,2,1,0,3,10,14,13,16,12,10,5,3,True
부산,연제구,666,2,904,219,621,2021,53,107,110,103,102,108,83,14,11,10,23,63,71,87,75,92,94,70,56,False
전남,해남군,281,16,419,122,286,2020,32,41,42,43,38,51,34,2,4,10,20,46,40,34,38,34,27,18,8,True
충남,홍성군,242,20,318,109,205,2022,29,30,42,39,36,36,30,2,5,12,19,25,21,22,29,28,34,27,18,True
서울,노원구,1703,8,2302,484,1652,2019,206,243,266,219,226,306,237,74,47,50,97,177,160,167,200,221,222,170,118,False
경남,함양군,174,9,253,99,119,2021,16,28,35,24,25,29,17,2,2,1,11,25,28,22,26,25,20,7,5,True
충남,부여군,222,20,283,129,151,2018,22,34,33,36,20,37,40,5,2,3,12,31,26,31,27,26,39,14,6,True
강원,인제군,89,5,151,42,90,2022,16,8,11,14,8,14,18,1,0,1,2,12,7,20,17,16,4,6,3,True
전북,부안군,298,18,516,152,362,2019,33,49,47,45,28,59,37,3,3,7,21,36,39,43,40,33,40,24,9,True
충북,괴산군,190,10,297,115,166,2019,25,28,31,29,31,19,27,3,3,2,12,20,16,34,26,39,21,10,4,True
경기,하남시,1082,17,1605,303,1087,2019,138,148,157,166,137,177,159,33,24,22,56,120,108,121,132,139,147,105,75,False
대구,북구,2358,25,3414,793,2313,2018,238,369,354,349,299,388,361,104,64,80,142,253,192,182,245,316,366,240,174,False
전남,장성군,225,8,367,77,264,2018,19,35,32,33,37,33,36,3,3,3,19,26,39,30,36,35,16,10,5,False
경남,양산시,1232,18,1608,355,1083,2022,160,157,185,161,183,206,180,39,30,21,72,123,115,138,156,184,168,113,73,False
강원,홍천군,329,18,564,121,427,2021,57,59,44,49,38,35,47,7,0,7,19,38,50,44,48,54,32,20,10,False
대구,북구,2413,22,3544,772,2470,2019,239,370,372,352,345,379,356,75,38,48,139,238,251,279,252,326,387,228,152,False
경기,용인시,3485,34,5698,1009,3916,2019,340,529,495,540,569,527,485,128,74,81,241,423,331,348,385,440,471,324,239,False
전남,영광군,245,16,361,106,245,2018,37,46,41,26,34,39,22,7,4,6,12,29,38,32,31,26,32,16,12,True
경기,화성시,3008,33,4782,900,3594,2019,273,444,498,489,426,498,380,131,58,76,251,319,297,270,310,387,399,316,194,False
경북,울진군,149,8,204,98,98,2018,21,13,20,19,29,25,22,1,2,2,5,12,26,17,26,23,14,10,11,True
경기,하남시,977,9,1443,286,997,2018,100,141,141,136,154,169,136,32,18,16,70,101,112,96,110,134,137,79,72,False
경남,의령군,126,5,175,62,107,2020,13,10,19,17,25,27,15,1,2,1,8,18,18,19,19,18,11,7,4,True
충북,보은군,165,13,294,112,167,2019,18,33,23,28,16,25,22,4,2,4,11,15,27,21,27,20,15,16,3,True
전남,구례군,142,7,228,62,152,2019,13,17,27,18,23,31,13,1,0,0,6,11,26,27,26,25,11,8,1,True
경기,과천시,208,4,354,40,295,2022,22,33,36,24,33,28,32,3,3,4,20,25,25,22,27,26,28,20,5,False
경남,함안군,327,17,494,147,327,2019,36,45,53,53,44,45,51,6,5,6,24,47,30,43,48,44,43,22,9,True
경기,오산시,962,10,1409,355,923,2018,102,139,145,143,127,167,139,56,37,22,70,94,86,88,83,110,135,101,80,True
경북,문경시,344,15,522,101,394,2020,43,56,44,56,57,45,43,12,2,7,17,33,50,40,57,46,36,27,17,False
경기,용인시,3262,35,5066,793,3653,2020,313,507,476,460,498,518,490,125,63,93,198,332,297,360,385,423,446,326,214,False
경기,동두천시,406,11,576,166,382,2018,49,59,65,58,59,56,60,18,4,7,20,48,55,43,30,51,65,38,27,True
전북,정읍시,379,17,585,143,441,2021,37,56,59,61,48,66,52,16,6,4,7,45,45,52,40,63,47,32,22,False
강원,고성군,129,2,206,44,119,2020,14,16,22,12,17,24,24,1,0,1,7,17,21,13,26,18,15,7,3,False
전남,영광군,190,12,311,78,216,2020,18,37,27,31,21,32,24,6,2,4,12,23,18,32,25,24,27,13,4,True
강원,원주시,1905,20,3040,619,2258,2018,208,273,313,281,272,279,279,83,43,40,92,233,179,180,182,273,290,157,153,False
경북,청송군,95,10,142,52,85,2018,14,14,20,14,7,10,16,1,0,1,6,11,18,14,12,18,8,3,3,True
경기,여주시,538,14,929,155,735,2021,57,74,79,73,85,91,79,8,7,9,33,47,61,74,80,73,68,54,24,False
전남,진도군,123,6,221,73,131,2018,10,23,14,18,19,19,20,5,3,2,5,13,19,14,18,18,15,5,6,True
전남,나주시,403,9,638,143,468,2022,33,55,63,55,69,68,60,5,4,9,26,46,46,37,44,63,64,42,17,False
전북,김제시,448,24,691,206,484,2018,36,56,79,69,60,80,68,5,5,7,32,56,55,58,47,64,63,39,17,True
전남,나주시,447,13,703,132,548,2021,34,74,70,68,67,78,56,7,6,9,24,49,46,46,65,61,68,37,29,False
부산,사상구,1100,13,1528,311,964,2019,103,161,166,177,153,184,156,44,21,32,54,126,100,118,127,163,151,90,74,False
대구,달성군,945,23,1393,269,1053,2020,95,141,135,148,153,153,120,21,12,21,51,85,84,105,112,148,154,106,46,False
경북,김천시,428,17,603,183,391,2022,37,67,71,63,62,56,72,9,7,7,24,57,43,55,48,60,50,37,31,True
인천,부평구,1278,16,1709,326,1336,2019,158,171,189,173,191,184,212,63,45,51,60,119,110,127,137,153,168,144,101,False
전남,완도군,170,12,245,43,193,2020,15,24,27,30,34,17,23,4,2,3,8,16,21,26,33,16,29,10,2,False
전남,화순군,309,5,556,102,430,2021,32,45,48,39,55,50,40,5,1,2,21,36,44,38,36,50,51,14,11,False
경남,거창군,242,8,324,145,172,2018,27,45,32,31,32,39,36,9,3,4,10,26,32,24,24,40,32,25,13,True
전남,여수시,1567,27,2408,410,1930,2019,171,201,207,250,237,270,231,57,29,36,117,149,151,179,190,220,193,148,98,False
전북,고창군,127,19,186,73,109,2018,17,22,16,22,13,13,24,1,1,4,10,16,16,11,13,20,16,12,7,True
전남,해남군,300,12,423,122,289,2022,29,48,43,44,44,55,37,4,2,3,15,46,41,32,28,55,33,24,17,True
대전,대덕구,862,6,1249,233,983,2021,66,145,105,141,121,161,123,20,12,13,47,113,90,95,109,115,128,73,47,False
경기,의정부시,1695,13,2479,418,1812,2020,187,258,243,227,277,237,266,79,35,52,75,158,155,162,178,213,249,217,122,False
전남,곡성군,122,7,184,49,128,2020,12,16,21,19,22,13,19,1,1,2,7,17,16,23,14,14,15,10,2,True
경남,하동군,116,10,148,71,74,2020,16,16,22,19,14,13,16,3,2,3,7,20,15,9,17,18,15,6,1,True
충남,계룡시,47,2,72,18,53,2022,4,4,9,6,10,8,6,1,0,2,0,8,5,6,5,7,5,5,3,True
경북,경산시,1239,22,1683,396,1215,2019,135,200,173,189,202,186,154,45,32,30,72,133,107,135,140,141,194,126,84,False
전남,여수시,1357,22,2035,353,1653,2021,138,211,195,179,197,237,200,31,17,22,73,144,127,158,192,190,182,138,83,False
전남,강진군,289,9,532,129,360,2021,35,37,41,44,42,51,39,5,7,5,17,34,39,47,43,41,26,18,7,False
경기,과천시,187,6,290,62,211,2020,14,43,16,38,29,22,25,5,6,9,18,23,17,13,20,25,22,16,13,False
전남,함평군,193,9,297,65,189,2019,28,30,29,31,21,27,27,6,2,0,8,27,27,31,26,24,26,7,9,False
서울,성북구,1288,8,1626,298,1231,2022,109,181,177,214,188,222,197,60,34,32,77,127,123,139,151,171,166,113,95,False
광주,서구,2106,7,3441,306,3000,2019,246,309,294,322,270,331,334,113,79,69,109,199,184,189,212,277,311,188,176,False
전남,순천시,1152,24,1715,261,1399,2021,125,175,162,188,152,199,151,36,23,23,53,133,125,128,123,157,159,124,68,False
전남,화순군,263,3,408,85,308,2022,23,34,39,39,45,38,45,3,1,5,17,33,34,36,35,41,31,18,9,False
강원,홍천군,268,9,496,83,360,2022,41,34,35,33,34,53,38,2,2,3,15,32,31,30,42,45,33,21,12,False
충남,공주시,461,13,715,183,496,2021,62,66,63,75,63,78,54,8,2,13,31,46,52,61,62,50,68,36,32,True
경북,영양군,63,3,99,30,67,2021,8,10,11,9,12,9,4,2,0,1,4,5,8,12,12,9,6,4,0,True
전북,남원시,311,8,440,170,269,2019,33,54,49,47,41,49,38,6,3,5,14,36,28,41,47,50,48,26,7,True
인천,서구,1688,20,2406,493,1854,2019,157,249,269,256,271,277,209,76,51,60,116,181,146,139,173,210,248,155,133,False
전북,고창군,96,13,114,37,77,2022,8,16,10,18,13,17,14,4,2,1,3,15,14,9,14,18,7,6,3,True
경기,고양시,3950,38,5889,1203,4192,2018,439,594,553,586,583,631,564,197,106,101,190,388,375,351,408,518,573,411,332,False
충남,홍성군,341,21,474,145,321,2019,38,50,51,58,48,45,51,12,5,7,22,40,39,26,37,34,63,40,16,True
인천,연수구,644,5,870,158,694,2022,58,90,106,84,90,113,103,23,17,14,34,67,51,51,78,76,85,76,72,False
전남,곡성군,122,2,176,55,112,2018,17,18,21,17,18,15,16,2,1,1,5,19,22,19,18,20,11,2,2,True
충남,부여군,193,13,264,121,143,2021,23,29,25,18,30,32,36,5,4,5,14,15,29,34,23,34,20,5,5,True
전북,군산시,1225,25,1915,343,1512,2019,139,168,201,172,167,194,184,47,23,34,81,120,111,124,123,185,171,126,80,False
충남,천안시,3086,51,4595,709,3610,2020,383,423,447,449,458,487,439,162,71,75,182,280,275,311,321,376,433,350,250,False
강원,춘천시,1361,23,1988,277,1505,2021,153,185,193,203,196,234,197,36,12,17,61,148,156,182,168,197,201,118,65,False
서울,성동구,948,8,1222,226,941,2022,102,133,126,147,134,172,134,55,21,29,40,94,95,95,103,111,138,89,78,False
대전,대덕구,752,12,1048,152,848,2020,79,132,112,104,120,115,90,23,16,24,60,81,70,75,84,95,111,69,44,False
대전,중구,1024,5,1469,221,1217,2022,120,160,134,156,147,171,136,28,18,28,39,105,111,106,122,148,162,99,58,False
대전,유성구,2027,14,3161,464,2485,2019,209,269,328,323,282,340,276,91,44,40,112,202,172,229,199,275,289,211,163,False
전남,보성군,273,13,429,129,281,2018,27,44,41,60,35,34,32,3,3,3,10,49,35,33,51,25,39,17,5,True
전남,보성군,154,5,225,56,163,2022,19,26,26,19,21,23,20,0,0,2,9,17,20,26,23,23,16,12,6,True
강원,원주시,1985,34,3000,550,2308,2019,213,308,285,305,276,304,294,86,40,45,89,228,201,194,262,248,292,177,123,False
전북,순창군,110,9,134,41,77,2019,12,16,17,8,23,20,14,0,1,0,6,20,18,15,17,13,12,6,2,True
강원,삼척시,414,16,642,158,474,2019,32,59,54,78,56,60,75,9,0,11,24,62,61,60,50,50,59,16,12,False
서울,영등포구,2493,22,3532,620,2596,2018,260,353,347,364,368,426,375,163,101,97,134,260,213,212,229,270,322,237,255,False
경기,구리시,737,9,1074,176,864,2021,65,111,106,102,110,137,106,15,7,21,43,90,95,74,82,112,88,53,57,False
경북,경산시,874,20,1202,274,912,2022,86,124,127,122,146,149,120,22,13,13,41,94,90,98,86,104,155,104,54,False
경북,봉화군,149,5,239,54,154,2019,14,27,24,24,20,19,21,1,2,4,6,20,17,23,26,21,17,6,6,False
부산,사하구,1003,3,1378,390,871,2018,102,161,124,146,157,172,141,53,32,25,82,75,89,97,103,125,137,109,76,True
경북,영주시,537,10,760,251,464,2018,47,87,79,74,78,93,79,9,5,13,32,63,51,64,59,69,85,63,24,True
경기,양평군,504,20,812,191,564,2021,67,69,67,64,65,79,93,8,2,5,25,49,65,66,79,89,60,34,22,False
전북,익산시,1049,30,1527,357,1154,2018,114,177,144,159,157,151,147,37,26,26,62,113,98,108,98,140,164,114,63,False
경북,경주시,1626,45,2529,751,1655,2018,227,210,236,242,221,261,229,52,20,21,90,177,157,189,230,224,222,147,97,True
부산,동래구,952,6,1303,349,874,2018,111,131,124,129,157,165,135,45,25,33,46,89,92,81,95,128,138,105,75,True
경기,가평군,367,10,651,128,496,2021,67,59,34,53,37,50,67,3,1,1,22,34,46,54,62,63,42,26,13,False
서울,성동구,1057,8,1362,259,1040,2021,101,148,158,178,154,181,137,39,15,17,54,89,124,114,103,132,143,102,125,False
대구,서구,942,6,1313,217,1002,2022,79,141,140,137,153,158,134,30,12,23,61,104,77,106,108,156,139,74,52,False
전북,군산시,1066,36,1521,311,1190,2018,112,166,156,155,160,159,158,35,21,31,73,120,97,99,125,137,146,105,77,False
경북,칠곡군,676,7,1073,190,788,2022,64,93,107,107,105,119,81,15,7,9,47,77,81,72,93,113,87,48,27,False
서울,구로구,1325,10,1810,353,1357,2020,136,200,200,187,223,206,173,80,59,45,73,127,122,123,129,157,165,131,114,False
충남,논산시,463,25,711,297,397,2018,42,74,66,59,74,78,70,15,11,5,35,43,48,47,61,77,52,50,19,True
충북,청주시,5076,86,8161,1623,6298,2018,602,723,710,719,774,840,708,227,130,143,322,507,454,469,541,634,740,517,392,False
인천,남동구,1937,23,2747,510,2118,2019,231,278,257,297,273,314,287,114,68,62,112,184,176,198,223,247,257,152,144,False
부산,중구,265,3,357,95,242,2021,35,29,39,33,41,41,47,9,3,9,8,27,28,32,38,28,30,27,26,True
강원,강릉시,918,22,1410,291,1098,2018,106,148,112,132,137,139,144,35,13,22,34,101,96,100,116,128,117,78,78,False
울산,동구,554,3,721,184,523,2020,62,63,92,72,83,103,79,18,13,13,69,40,51,48,64,64,82,59,33,True
대전,유성구,1961,22,3201,523,2502,2018,177,298,300,284,290,331,281,97,57,50,130,212,177,187,190,203,283,202,173,False
서울,은평구,1134,12,1580,367,1064,2018,127,169,189,144,149,182,174,86,53,32,78,108,106,107,121,125,125,103,90,False
충남,보령시,479,16,704,290,401,2019,47,65,70,64,66,87,80,17,11,10,24,52,59,59,50,57,70,41,29,True
대전,동구,1258,24,1811,398,1380,2018,148,197,170,174,179,199,191,54,25,32,85,114,108,134,124,178,167,135,102,False
부산,진구,1662,10,2270,511,1624,2021,179,241,237,247,221,283,254,77,38,48,76,112,205,186,191,193,243,156,137,False
전남,구례군,113,2,168,40,123,2022,10,19,20,11,15,22,16,1,1,1,4,23,15,17,17,12,13,6,3,False
충북,괴산군,188,9,297,84,192,2022,18,31,22,22,31,32,32,2,2,3,5,26,33,31,24,27,23,9,3,True
경남,통영시,637,6,932,243,598,2021,78,93,105,81,78,118,84,15,6,13,29,65,65,91,80,82,91,63,37,True
전남,장흥군,241,3,400,76,297,2022,27,30,33,47,37,32,35,2,1,2,8,44,48,32,41,27,22,11,3,False
부산,영도구,348,3,464,125,301,2019,37,54,52,68,49,49,39,21,10,4,22,32,40,35,45,51,44,22,22,True
경북,청도군,178,10,235,73,160,2021,34,21,26,22,25,24,26,5,0,1,8,23,21,23,32,24,25,13,3,True
전북,진안군,50,5,75,32,43,2018,8,7,6,9,9,10,1,0,0,0,6,12,8,2,3,12,5,2,0,True
경기,구리시,751,6,1103,194,818,2019,78,102,110,121,110,112,118,42,25,27,32,80,83,89,92,86,85,56,54,False
경남,사천시,607,13,973,293,590,2018,73,87,79,95,86,97,90,18,5,19,44,69,54,66,67,89,83,50,43,True
서울,도봉구,591,3,768,199,495,2021,76,75,86,85,88,85,96,23,6,11,18,53,57,63,79,92,75,63,51,True
전북,순창군,109,3,159,40,90,2020,11,15,14,22,17,18,12,1,3,1,2,15,14,17,19,12,13,7,5,True
경기,의왕시,444,5,726,170,504,2018,41,58,71,57,71,69,77,31,10,15,25,49,38,40,38,60,60,48,30,False
경기,과천시,237,1,380,73,266,2019,23,44,34,29,35,29,43,11,0,9,17,38,23,24,30,18,28,24,15,False
충북,영동군,218,9,334,144,181,2019,23,40,37,26,22,43,27,6,1,4,14,29,33,31,16,32,30,16,6,True
서울,관악구,1419,8,1829,336,1438,2021,165,178,211,227,208,213,217,52,24,28,56,97,136,169,164,161,232,177,123,False
강원,영월군,156,4,252,55,90,2019,19,27,20,19,21,29,21,2,0,7,8,23,33,14,16,23,23,3,4,False
전남,광양시,666,15,1032,197,791,2018,70,85,89,106,122,107,87,28,17,23,47,72,67,61,64,86,91,65,45,False
울산,동구,501,2,622,181,410,2022,58,72,84,62,74,89,62,22,10,10,52,47,34,50,50,69,89,42,26,True
서울,성북구,1285,15,1606,305,1216,2021,131,173,197,214,203,189,178,27,18,26,61,134,125,149,148,164,161,157,115,False
충북,영동군,165,10,221,117,97,2018,13,27,24,24,25,36,16,2,0,4,6,18,31,27,22,23,11,16,5,True
충남,보령시,331,20,486,165,306,2022,32,67,48,46,53,39,46,4,1,8,24,34,49,33,51,51,36,24,16,True
전남,강진군,301,5,456,136,280,2020,33,51,42,42,45,49,39,8,5,5,16,41,55,42,41,29,32,20,7,True
서울,영등포구,2439,11,3451,606,2532,2019,288,355,356,342,332,400,366,134,91,83,106,243,223,264,281,275,304,221,214,False
제주,제주시,3062,34,4625,720,3487,2021,356,428,457,480,480,451,410,96,47,44,150,276,342,394,369,422,439,284,199,False
경남,의령군,142,7,188,68,106,2021,16,20,23,17,30,21,15,0,4,2,6,12,20,24,19,24,18,8,5,True
전남,나주시,643,23,1139,217,889,2018,73,96,91,106,83,105,89,16,18,6,42,75,79,73,62,67,102,57,46,False
부산,서구,488,4,670,158,440,2020,54,69,70,66,74,77,78,11,12,10,34,45,61,68,49,56,65,53,24,False
전남,영암군,493,11,899,180,698,2019,52,73,80,68,78,76,66,10,12,9,46,70,62,43,54,60,69,38,20,False
대구,북구,2100,16,2951,545,2141,2021,198,330,296,343,316,341,276,59,31,40,120,183,229,237,251,312,307,190,141,False
경기,포천시,826,16,1336,220,1061,2022,95,133,124,113,118,118,125,12,10,17,32,111,88,92,122,129,115,63,35,False
광주,동구,509,3,767,110,628,2018,52,86,78,65,81,84,63,38,17,9,23,52,43,59,59,59,54,60,36,False
서울,성북구,1427,14,1980,442,1411,2018,176,200,201,211,228,222,189,97,70,53,64,144,110,149,148,156,189,116,131,False
인천,옹진군,35,2,53,18,31,2018,5,4,8,1,4,6,7,1,0,0,3,0,5,2,6,4,6,7,1,True
서울,용산구,1330,14,1852,405,1343,2018,164,165,173,197,187,219,225,93,71,65,81,123,120,114,124,134,145,142,118,False
경북,청송군,93,2,132,43,59,2022,16,10,9,14,18,15,11,0,0,1,6,7,12,18,16,13,8,9,3,True
경기,양평군,490,15,751,175,528,2022,57,70,70,62,71,80,80,5,2,6,27,65,71,61,64,82,52,37,18,False
전남,함평군,209,6,358,84,214,2018,21,28,38,30,27,38,27,4,1,6,11,36,30,34,35,18,20,9,5,False
부산,남구,901,5,1175,308,763,2019,96,135,134,145,134,144,113,36,25,25,50,82,81,90,109,124,117,92,70,True
인천,계양구,894,4,1250,235,964,2020,73,137,146,138,128,138,134,34,24,25,53,74,89,85,106,123,127,92,62,False
경북,칠곡군,713,20,1116,219,767,2021,77,102,88,105,98,119,124,24,11,13,43,87,67,83,82,103,107,57,36,False
서울,도봉구,824,6,1061,281,659,2018,97,104,124,131,133,137,98,30,30,25,42,84,69,71,90,120,125,72,66,True
전남,완도군,186,4,299,80,218,2019,22,27,27,28,24,33,25,3,2,3,14,27,22,21,35,18,20,12,9,True
강원,인제군,82,3,126,66,53,2020,12,18,10,2,13,13,14,0,1,1,4,7,12,14,16,11,6,8,2,True
제주,제주시,2790,39,4122,667,2964,2022,329,416,400,425,386,456,378,85,43,39,130,290,287,355,360,380,387,259,175,False
광주,북구,2269,25,3647,433,3098,2018,243,370,313,325,334,368,316,121,69,68,127,232,219,176,229,236,349,231,212,False
전남,완도군,153,9,228,42,184,2022,13,21,21,34,21,24,19,2,0,0,10,20,20,18,23,25,10,14,11,False
서울,구로구,1532,13,2129,452,1536,2018,166,230,236,220,237,237,206,99,53,71,90,132,124,133,169,189,180,159,133,False
경북,문경시,406,8,631,143,472,2019,42,56,57,64,71,60,56,10,4,6,16,48,54,56,53,61,53,25,20,False
인천,남동구,1542,14,2122,297,1765,2021,140,227,233,235,239,259,209,44,24,34,79,127,124,176,175,220,231,174,134,False
전북,임실군,93,3,163,40,123,2018,10,20,16,12,10,14,11,0,0,2,5,16,18,19,9,9,8,6,1,False
서울,서초구,2118,8,2932,406,2331,2021,172,302,315,332,342,374,281,61,25,21,91,182,262,262,260,280,289,213,172,False
인천,부평구,1109,10,1585,343,1190,2018,140,166,136,164,157,169,177,88,53,46,68,99,86,91,112,126,112,125,103,False
울산,울주군,660,11,1005,239,647,2022,74,97,113,95,101,100,80,22,8,15,68,73,58,76,75,101,74,50,40,False
전북,완주군,194,15,281,105,171,2021,16,27,37,23,31,26,34,12,2,6,14,17,12,11,22,34,29,22,13,True
전북,익산시,1396,34,2007,398,1579,2019,143,232,208,171,207,222,213,37,28,28,101,140,142,173,151,187,190,135,84,False
경남,양산시,1240,19,1699,454,1072,2020,135,175,191,176,175,213,175,36,20,22,77,115,103,145,156,175,204,123,64,True
서울,동작구,1148,11,1520,243,1115,2021,127,159,169,166,163,181,183,26,16,30,44,111,108,133,132,148,180,120,100,False
경북,안동시,948,25,1430,361,1049,2018,117,149,139,153,115,146,129,31,12,13,58,110,103,109,94,134,143,75,66,True
충북,음성군,652,20,1148,335,792,2018,84,88,88,96,96,115,85,26,12,12,42,74,61,82,77,80,89,65,32,True
부산,사상구,579,10,727,215,482,2022,55,97,77,68,106,106,70,16,7,17,42,53,70,66,69,81,82,46,30,True
전남,순천시,1325,32,2052,443,1562,2018,150,201,201,149,222,202,200,56,27,28,64,150,118,137,132,193,193,125,102,False
경기,수원시,4615,25,6667,968,5191,2021,465,683,679,688,669,767,664,134,54,108,239,411,426,526,507,614,674,527,395,False
서울,중랑구,1401,10,1890,383,1340,2022,148,192,203,193,222,236,207,61,22,38,57,122,128,154,160,191,218,158,92,False
전남,강진군,302,14,536,117,392,2018,25,51,47,26,36,49,68,3,6,7,18,41,45,37,47,42,33,13,10,False
충남,아산시,1267,21,1871,356,1474,2022,129,193,190,183,169,226,177,40,17,30,92,137,117,110,152,167,183,132,90,False
경기,여주시,513,14,814,195,577,2018,57,68,53,80,91,83,81,17,12,9,32,54,54,54,60,68,80,43,30,False
경북,김천시,515,22,678,192,463,2021,59,79,74,79,74,75,75,6,5,5,33,58,54,68,65,75,79,43,24,True
서울,양천구,1506,11,2085,342,1527,2019,152,223,202,253,234,238,204,75,32,62,86,181,147,141,159,188,185,146,104,False
대전,서구,2302,9,3239,470,2717,2022,248,347,340,308,357,365,337,136,48,62,100,214,194,214,252,306,341,248,187,False
전북,진안군,62,7,95,29,64,2022,7,7,11,8,8,9,12,0,0,1,6,6,7,6,13,12,6,2,3,True
광주,동구,604,6,933,137,765,2019,66,94,93,82,88,100,81,34,21,10,27,65,81,69,61,69,78,51,38,False
인천,강화군,200,10,278,81,195,2019,31,34,19,26,28,27,35,4,0,4,8,28,31,27,36,25,21,9,7,True
경남,고성군,208,13,265,113,148,2022,24,25,33,30,38,34,24,4,4,7,13,29,30,32,21,34,23,9,2,True
서울,중구,955,6,1248,300,814,2020,77,166,139,145,149,156,123,62,23,29,45,77,99,112,105,106,119,100,78,False
부산,금정구,792,7,1065,327,639,2018,92,129,104,117,119,113,118,37,19,27,39,74,74,86,100,109,109,65,53,True
경북,영양군,47,3,66,18,43,2022,4,4,7,4,13,5,10,0,0,0,2,5,9,4,8,7,8,3,1,True
경북,칠곡군,781,17,1236,308,773,2019,96,104,121,113,106,141,100,23,13,20,56,91,77,85,86,127,100,68,35,True
서울,중구,943,2,1212,246,866,2022,70,128,156,135,137,175,142,54,27,29,39,92,93,92,125,108,143,89,52,False
경기,안성시,896,17,1499,264,1078,2022,90,128,123,138,143,130,144,17,14,20,35,123,98,95,101,143,138,89,23,False
경기,화성시,2716,59,4257,940,3053,2018,261,419,382,421,413,472,348,117,62,73,212,301,195,240,278,343,361,315,219,False
서울,서대문구,974,5,1303,211,911,2022,97,130,139,143,157,158,150,36,15,25,42,123,104,99,112,108,142,86,82,False
전북,남원시,313,27,425,154,271,2018,36,36,39,42,41,62,57,2,4,6,18,36,45,48,38,36,49,19,12,True
경남,김해시,2052,35,3040,1093,1839,2018,218,315,280,293,317,322,307,67,58,58,158,223,175,172,225,266,302,200,148,True
전남,장성군,195,8,317,72,224,2021,12,37,24,32,30,32,28,9,4,4,16,30,28,18,25,28,24,7,2,False
경북,울진군,171,6,235,105,126,2019,20,25,24,25,21,27,29,2,3,5,9,28,24,26,26,16,18,10,4,True
경남,통영시,685,10,1020,231,665,2020,87,89,90,106,84,116,113,22,15,18,34,46,69,80,85,85,120,80,31,False
경북,포항시,2537,27,3887,693,3003,2020,254,400,358,391,382,397,355,83,62,53,166,227,251,255,319,373,351,234,163,False
경기,광명시,992,10,1347,227,990,2021,111,133,120,149,156,175,148,26,7,23,56,105,100,104,125,128,149,107,62,False
강원,횡성군,152,10,253,52,191,2022,19,25,14,19,25,26,24,2,0,0,7,24,22,22,30,21,15,8,1,False
충남,서천군,256,17,401,109,288,2021,30,40,37,34,37,53,25,4,4,5,16,30,36,39,38,31,26,19,8,True
경기,광명시,964,4,1377,213,927,2020,103,144,126,155,127,152,157,37,16,20,56,111,88,94,117,124,126,96,79,False
강원,횡성군,187,14,293,87,198,2018,20,30,16,35,28,26,32,2,4,3,15,23,28,30,22,20,20,10,10,True
부산,북구,566,7,747,164,536,2021,71,90,66,89,77,95,78,13,5,11,24,38,62,82,65,68,89,63,46,False
충남,홍성군,244,12,354,118,235,2021,22,29,33,37,37,47,39,7,2,2,9,27,24,34,37,28,37,23,14,True
전북,김제시,263,13,398,118,276,2021,25,41,36,48,38,37,38,3,3,4,16,27,34,31,43,41,30,16,15,True
경기,의정부시,1683,13,2304,299,1712,2022,198,223,252,240,224,288,258,76,46,36,74,161,155,172,199,231,238,176,119,False
대구,남구,902,4,1318,262,949,2019,116,141,142,137,121,135,110,44,26,17,44,79,84,104,104,118,148,80,54,False
경기,부천시,3364,23,4716,724,3721,2020,369,519,490,517,519,493,457,151,86,84,174,331,327,352,357,379,539,360,224,False
서울,강북구,1017,6,1302,273,962,2021,132,159,148,154,133,147,144,39,23,20,47,90,76,127,118,133,122,137,85,False
경기,남양주시,2255,32,3419,615,2499,2020,287,316,299,330,344,340,339,75,54,53,101,197,245,274,274,304,316,234,128,False
강원,양구군,77,2,165,45,115,2020,11,10,8,11,17,11,9,0,1,2,2,11,9,13,14,8,11,2,4,True
제주,제주시,3139,40,4766,815,3370,2019,388,436,473,464,458,477,443,117,62,72,175,379,328,342,377,387,452,266,182,False
경북,문경시,289,9,434,110,302,2021,31,33,38,56,47,48,36,8,5,2,7,39,43,41,33,39,44,14,14,True
경북,김천시,683,17,952,278,659,2019,78,101,99,91,102,107,105,12,9,10,41,81,87,71,83,109,89,57,34,True
경기,포천시,914,15,1410,260,1093,2021,111,139,133,128,117,146,140,15,6,13,50,96,108,112,120,124,168,69,33,False
전북,진안군,52,8,64,34,28,2020,1,7,5,13,11,6,9,0,0,0,5,6,9,5,7,5,9,3,3,True
대구,달서구,3679,17,5381,935,3992,2019,387,549,549,571,517,561,545,157,94,89,206,330,298,364,365,457,604,437,278,False
전북,김제시,253,8,374,102,269,2022,25,40,37,33,31,51,36,6,1,4,14,30,33,33,35,37,32,17,11,True
경기,의왕시,433,3,624,132,452,2021,36,56,65,80,67,85,44,13,4,7,36,62,42,47,48,53,48,39,34,False
서울,관악구,1172,9,1535,285,1199,2022,142,164,170,160,163,198,175,63,27,38,53,97,99,125,114,143,173,133,107,False
경기,하남시,1133,5,1629,241,1243,2022,116,159,164,171,170,199,154,31,15,11,68,111,117,130,136,160,172,119,63,False
경기,김포시,1682,24,2664,569,1878,2018,175,245,246,271,277,247,221,50,24,32,122,220,151,162,210,228,216,166,101,False
경북,영덕군,264,11,440,144,274,2018,41,38,41,40,35,28,41,6,6,6,17,29,39,36,45,31,26,15,8,True
경남,의령군,130,10,176,66,104,2018,14,21,16,26,16,25,12,1,0,0,6,20,26,18,22,16,14,4,3,True
경북,포항시,2762,53,4150,907,3116,2018,279,456,367,381,411,471,397,112,56,65,178,279,244,297,333,349,406,235,208,False
강원,양양군,165,5,270,59,202,2020,27,16,26,18,21,19,38,1,9,1,9,16,11,19,30,27,21,12,9,False
경북,고령군,177,9,247,76,165,2021,13,25,25,27,32,28,27,4,2,2,13,23,25,23,27,24,15,10,9,True
서울,강서구,1606,15,2108,359,1558,2022,176,220,241,218,244,253,254,75,37,56,88,176,155,165,179,184,207,165,119,False
경기,시흥시,2372,22,3493,570,2672,2022,261,359,332,343,368,369,340,88,57,66,179,242,205,220,254,320,354,235,152,False
경기,군포시,593,9,867,175,594,2022,56,82,81,91,99,106,78,18,10,12,31,58,62,55,66,68,97,58,58,False
경기,군포시,622,9,904,159,621,2021,69,88,104,88,101,85,87,30,15,13,35,54,55,49,79,73,107,59,53,False
경남,합천군,184,10,242,122,116,2019,22,23,27,36,21,27,28,2,3,5,9,26,30,20,33,30,16,7,3,True
경북,상주시,544,38,782,255,522,2020,57,82,85,73,93,84,70,8,6,11,22,67,77,58,81,89,75,32,18,True
대전,중구,1225,11,1781,303,1420,2020,139,168,161,179,207,205,166,56,21,28,50,136,127,117,146,158,177,123,86,False
부산,기장군,511,10,797,148,614,2021,80,54,83,60,78,77,79,7,8,12,18,55,46,56,79,70,82,48,30,False
전남,광양시,663,14,1033,182,814,2020,69,106,96,98,108,99,87,25,10,14,45,75,57,61,80,87,93,65,51,False
경기,가평군,400,3,675,103,538,2022,68,56,45,50,43,52,86,8,2,2,21,42,62,64,68,52,42,24,13,False
경남,남해군,167,10,276,77,117,2022,28,17,23,24,21,25,29,2,2,2,3,16,24,33,33,17,19,9,7,True
전북,전주시,2259,36,3448,661,2745,2018,242,337,343,334,305,345,353,150,68,78,124,201,197,203,232,265,286,235,220,False
충남,당진시,853,41,1319,506,777,2018,93,135,114,128,122,132,129,37,22,18,51,95,70,78,92,117,123,95,55,True
전북,부안군,281,11,449,136,310,2018,40,33,37,53,38,37,43,5,4,9,17,33,35,42,47,37,28,13,11,True
서울,종로구,903,5,1224,237,833,2020,76,134,131,144,136,168,114,47,20,23,47,78,104,100,102,95,130,81,76,False
경기,부천시,3667,23,5108,929,3837,2019,440,542,532,506,545,569,533,158,103,119,187,373,325,382,407,468,517,361,267,False
경기,고양시,3588,37,5079,859,3857,2022,409,508,535,461,579,570,526,135,66,79,156,391,326,406,403,539,488,350,249,False
대전,동구,1046,10,1496,268,1214,2021,116,165,147,139,130,178,171,36,10,18,44,89,105,127,128,158,161,114,56,False
경북,군위군,93,4,165,50,113,2022,8,12,22,8,10,20,13,2,3,2,3,11,17,10,14,11,9,6,5,True
세종,세종시,932,17,1330,234,744,2022,90,115,136,165,152,156,118,26,14,22,53,124,71,94,95,140,148,84,61,False
충북,단양군,157,10,279,89,159,2019,20,20,23,24,23,24,23,5,0,0,7,15,17,28,28,20,18,10,9,True
경북,김천시,578,29,730,217,500,2020,66,103,81,87,78,86,77,17,13,14,30,80,64,64,68,78,69,55,26,True
서울,도봉구,522,2,705,172,471,2022,76,74,67,86,62,81,76,23,13,18,18,48,41,55,66,63,68,70,39,False
경남,김해시,1991,31,2826,850,1861,2021,223,290,306,289,305,320,258,61,36,43,116,202,180,227,215,239,322,220,130,True
경북,의성군,223,9,305,132,165,2022,24,45,30,26,31,37,30,2,4,3,14,26,28,45,26,32,28,8,7,True
강원,춘천시,1558,18,2420,390,1910,2018,152,250,215,223,223,265,230,56,28,20,72,181,156,203,184,208,217,142,91,False
경기,하남시,1195,9,1731,238,1291,2021,115,194,195,158,183,191,159,23,10,16,66,123,134,120,140,177,197,112,77,False
부산,기장군,559,8,915,164,684,2020,85,76,71,90,71,68,98,18,8,7,39,35,63,75,76,85,80,41,32,False
경북,경주시,1206,35,1810,503,1218,2022,160,157,162,167,152,207,201,31,14,18,76,123,142,160,162,164,169,91,56,True
강원,원주시,1718,20,2620,473,2053,2021,198,253,252,234,270,297,214,68,28,34,71,212,178,189,213,240,265,138,82,False
전북,무주군,128,12,203,69,134,2018,14,19,26,14,13,21,21,3,0,1,8,22,12,23,9,23,12,11,4,True
전남,여수시,1384,13,1924,332,1540,2022,154,201,199,195,204,213,218,43,14,21,69,124,139,176,177,210,193,143,75,False
경기,구리시,716,2,1102,182,879,2022,80,108,96,106,105,121,100,27,13,17,41,94,84,73,89,88,89,53,48,False
충북,청주시,4039,52,5846,1085,4595,2022,426,613,549,577,606,690,578,128,83,66,253,409,378,407,450,515,646,400,304,False
부산,강서구,765,18,1100,288,765,2022,62,118,119,115,119,131,101,14,9,15,64,98,76,96,83,105,118,58,29,True
전남,광양시,739,17,1142,236,862,2019,79,98,99,98,118,130,117,31,12,15,47,78,72,91,78,95,110,53,57,False
강원,고성군,135,12,197,44,143,2018,13,26,25,14,18,15,24,1,2,4,7,14,16,15,16,26,17,13,4,False
인천,부평구,1239,13,1561,237,1243,2022,154,184,181,180,178,198,164,52,40,42,68,130,128,112,140,151,155,125,96,False
경남,창녕군,227,9,328,139,169,2022,27,35,32,38,35,30,30,3,4,2,14,21,41,26,39,35,27,11,4,True
대구,남구,859,5,1257,263,916,2018,100,129,122,144,133,125,106,46,31,35,35,77,102,94,104,94,89,92,60,False
전남,해남군,434,22,712,156,535,2019,50,69,64,74,57,74,46,9,5,10,32,57,68,51,57,55,49,31,10,False
부산,영도구,332,4,441,127,290,2020,37,54,51,48,48,56,38,17,3,6,16,24,45,36,38,46,48,25,28,True
경남,사천시,597,16,902,230,640,2021,77,94,103,84,78,81,80,12,9,12,40,74,70,65,78,91,77,49,20,True
전남,진도군,140,12,223,72,149,2019,21,23,30,14,21,14,17,3,1,2,11,21,19,16,24,15,15,9,4,True
경북,칠곡군,752,15,1135,234,720,2020,76,100,113,109,115,128,111,26,22,19,37,61,78,74,84,121,118,64,48,False
충남,계룡시,71,2,119,23,95,2018,9,10,4,17,14,6,11,3,2,3,3,7,2,6,9,10,12,9,5,False
경기,안산시,3685,22,5388,855,4181,2022,386,537,534,549,552,587,540,138,71,99,272,375,305,356,364,502,574,389,240,False
전남,여수시,1635,27,2511,357,2096,2020,172,231,258,235,237,243,259,72,34,43,109,151,185,184,187,235,190,141,104,False
인천,동구,107,4,136,33,103,2021,9,21,16,6,14,21,20,3,1,1,8,8,11,7,16,20,18,11,3,False
서울,도봉구,741,7,990,234,652,2020,71,98,121,111,126,109,105,27,19,15,34,84,66,87,73,92,108,69,67,False
서울,금천구,844,9,1152,204,873,2022,95,117,123,111,133,132,133,49,15,24,48,70,77,82,86,113,118,100,62,False
경남,함안군,266,9,378,123,247,2022,32,51,30,42,32,35,44,2,3,2,21,25,34,44,37,36,28,22,12,True
전북,전주시,2365,35,3541,761,2745,2019,249,363,335,351,343,369,355,154,62,85,114,260,220,216,230,284,289,248,203,False
대구,동구,1731,21,2615,422,1948,2020,171,254,296,261,262,245,242,67,29,27,82,174,172,198,209,225,284,166,98,False
전북,완주군,268,18,424,150,265,2018,32,37,52,34,36,43,34,7,3,7,15,21,22,23,31,45,41,29,24,True
경남,산청군,183,11,280,118,133,2018,27,23,28,26,21,32,26,4,2,3,13,30,22,31,20,19,22,11,6,True
충북,보은군,134,4,217,47,169,2022,22,25,21,18,17,16,15,4,2,2,4,17,22,18,25,13,17,5,5,False
경북,예천군,180,4,238,127,109,2021,15,34,28,25,30,27,21,1,0,2,8,22,21,38,24,23,23,13,5,True
경북,울릉군,15,0,23,10,13,2022,1,4,2,3,2,0,3,0,0,0,0,0,0,6,3,4,1,1,0,True
광주,동구,591,5,853,87,707,2021,53,83,84,97,95,87,92,19,12,11,18,65,67,63,67,81,89,53,46,False
충남,금산군,137,6,183,73,108,2022,17,26,19,13,18,25,19,3,0,2,3,13,17,18,22,18,20,10,11,True
강원,양양군,155,8,279,74,197,2018,25,15,29,21,18,21,26,5,2,1,6,15,18,20,25,16,28,10,9,True
서울,동대문구,1448,10,1845,432,1280,2020,153,226,214,212,222,242,179,61,53,42,58,154,167,151,156,167,199,144,96,False
경남,고성군,257,10,380,116,240,2020,35,47,47,46,25,36,21,1,8,8,26,33,31,34,31,39,25,11,10,True
광주,광산구,2077,20,3164,334,2701,2022,209,323,306,297,285,351,306,75,32,41,122,197,186,224,218,290,327,222,143,False
강원,강릉시,848,18,1221,266,945,2020,105,114,137,116,117,125,134,31,19,11,41,68,96,115,109,119,105,76,58,False
경남,창녕군,336,14,502,180,288,2018,40,50,39,49,50,62,46,6,3,6,25,41,45,46,36,52,34,23,19,True
경북,경산시,1113,39,1493,425,1040,2018,136,170,168,167,156,177,139,51,27,33,70,107,98,97,117,137,169,112,95,True
충남,청양군,175,13,233,104,129,2018,18,28,30,22,23,22,32,6,2,7,8,23,20,24,18,32,20,8,7,True
경기,광주시,1867,20,2871,480,2182,2019,201,266,278,292,282,279,269,62,40,41,118,220,199,212,203,222,306,152,92,False
충남,아산시,1190,19,1698,386,1239,2020,137,177,184,158,182,194,158,53,16,28,82,111,104,119,96,180,166,150,85,False
전남,신안군,88,11,117,49,68,2018,6,12,16,12,14,13,15,1,1,0,12,14,15,10,11,12,8,2,2,True
경북,봉화군,83,11,130,38,90,2021,6,12,15,13,13,13,11,2,0,0,5,7,15,14,8,16,10,3,3,True
경기,오산시,1090,6,1559,253,1116,2020,117,162,143,176,168,180,144,47,28,29,84,100,84,89,105,135,164,152,73,False
경기,오산시,997,10,1418,199,1025,2022,125,123,147,187,151,136,128,26,18,32,72,106,84,98,109,126,139,103,84,False
서울,강동구,1418,12,1922,450,1260,2018,132,213,195,210,212,233,223,70,57,51,81,134,136,130,142,175,181,123,138,False
경북,울진군,144,10,244,105,131,2022,13,26,27,15,22,23,18,3,2,2,9,16,15,26,19,18,17,14,3,True
전남,영암군,488,24,863,182,672,2018,48,88,66,67,73,79,67,4,6,14,51,67,62,64,53,60,62,35,10,False
부산,강서구,584,15,877,251,591,2018,56,105,83,83,88,87,82,17,8,14,58,67,54,64,56,87,73,53,33,True
경북,청도군,199,6,282,67,203,2022,23,26,22,25,31,29,43,1,2,3,12,22,29,26,34,27,24,13,6,False
서울,강동구,1151,7,1553,302,1169,2022,112,170,165,178,184,183,159,51,23,35,70,104,110,126,112,149,163,122,86,False
충북,충주시,1364,36,2350,523,1724,2019,143,222,208,186,190,218,197,44,23,28,78,135,145,152,166,184,206,130,73,False
경남,밀양시,485,9,698,242,422,2022,53,62,81,71,66,75,77,12,4,8,25,55,73,67,63,69,58,31,20,True
경북,영천시,793,23,1351,254,1047,2019,81,120,121,106,115,127,123,15,9,18,49,92,90,77,123,126,109,52,33,False
서울,강북구,1277,7,1706,314,1317,2019,156,171,179,206,190,198,177,79,52,50,63,118,97,128,132,131,173,150,104,False
강원,동해시,310,6,476,93,376,2022,33,54,51,46,39,43,44,4,4,4,12,39,39,44,35,46,38,29,16,False
충북,괴산군,181,6,314,79,223,2021,21,28,17,29,32,27,27,2,2,3,8,15,34,25,28,18,29,13,4,True
전남,화순군,318,12,523,98,368,2020,28,43,54,63,46,49,35,7,5,2,15,42,42,30,37,50,43,28,17,False
충북,음성군,663,18,1094,320,745,2019,64,111,102,98,93,109,86,20,13,12,52,62,59,98,80,84,99,54,30,True
충북,제천시,706,15,1144,273,818,2021,99,99,100,89,98,119,102,18,12,10,22,77,86,93,100,106,93,57,32,False
강원,철원군,150,6,204,52,148,2020,20,25,16,25,23,22,19,2,1,6,4,17,17,19,26,20,25,8,5,True
전남,장흥군,255,9,403,71,327,2020,25,61,35,37,27,41,29,4,1,3,15,39,45,33,39,29,30,12,5,False
전북,장수군,65,11,78,37,41,2019,4,10,15,9,10,9,8,2,0,0,4,8,5,6,13,7,11,6,3,True
충남,태안군,320,17,584,224,309,2019,41,37,55,39,52,41,55,4,3,8,17,34,42,45,45,46,38,24,14,True
부산,북구,701,10,973,260,647,2019,73,101,110,117,99,102,99,26,21,19,35,71,71,69,61,87,120,67,54,True
경남,거창군,250,15,320,119,183,2019,32,36,44,23,29,39,47,9,5,4,10,38,28,30,35,35,32,15,9,True
충북,진천군,551,20,882,218,634,2018,61,73,68,81,102,88,78,13,9,10,34,63,63,59,51,78,81,54,36,True
충북,단양군,147,7,228,63,162,2021,20,28,15,10,27,28,19,3,1,5,5,19,17,26,29,15,11,10,6,True
경남,합천군,168,9,221,97,107,2018,19,19,22,31,27,30,20,1,1,2,5,27,26,16,21,34,18,9,8,True
경북,경주시,1259,38,1909,548,1277,2021,154,165,172,155,192,207,214,26,17,17,64,112,179,173,161,177,170,102,61,True
강원,원주시,1578,18,2427,411,1940,2022,185,233,212,245,230,239,234,54,18,34,63,186,181,160,199,223,213,149,98,False
인천,남동구,1707,11,2509,465,1926,2018,175,251,247,264,230,272,268,107,63,62,100,178,141,155,168,180,228,191,134,False
충남,당진시,529,20,762,145,597,2022,73,68,76,79,81,79,73,17,5,8,29,47,54,46,72,89,76,59,27,False
충남,부여군,198,9,290,133,156,2022,21,28,29,33,28,30,29,6,1,3,12,20,27,23,23,26,25,15,17,True
전북,고창군,173,15,282,88,192,2019,25,32,21,28,22,27,18,4,0,6,10,19,21,25,30,19,23,11,5,True
전남,영광군,123,6,157,63,83,2022,18,19,20,16,20,17,13,2,2,0,4,19,19,7,18,15,21,10,6,True
충북,증평군,162,1,258,89,162,2018,24,28,20,30,23,22,15,9,2,3,12,14,20,15,20,18,15,25,9,True
서울,양천구,1305,14,1692,318,1260,2021,126,186,204,199,199,201,190,38,8,18,78,125,114,136,177,169,204,138,100,False
충남,계룡시,54,2,87,21,65,2020,7,8,6,4,11,14,4,0,1,0,1,5,3,6,8,9,14,5,2,False
충북,옥천군,153,9,200,77,121,2021,10,24,31,20,23,21,24,1,3,4,9,12,18,28,23,22,19,9,5,True
경기,가평군,380,11,682,128,481,2018,62,49,51,59,39,37,83,7,9,3,11,44,57,60,57,53,36,22,21,False
전남,무안군,462,14,676,100,571,2021,37,78,68,71,68,74,66,7,3,9,24,55,61,44,64,68,81,30,16,False
경기,화성시,2959,45,4375,714,3358,2020,294,437,445,476,441,511,355,106,60,74,199,290,257,319,346,425,414,293,176,False
전남,강진군,244,5,401,94,266,2022,26,31,31,49,32,36,39,5,1,3,15,44,38,34,30,30,29,8,7,False
서울,마포구,1272,13,1754,301,1291,2020,151,171,194,192,169,190,205,105,62,42,38,91,112,109,109,157,183,147,117,False
서울,성동구,1143,9,1561,326,1126,2018,120,158,166,165,177,188,169,71,54,57,66,109,103,96,119,122,129,112,105,False
충남,서천군,326,11,515,172,322,2018,32,61,40,47,38,51,57,6,5,5,28,51,39,50,41,39,28,22,12,True
전남,광양시,584,17,802,138,623,2022,71,101,93,80,84,87,68,10,11,12,57,65,53,69,67,84,77,43,36,False
전북,고창군,147,10,238,72,163,2020,15,25,27,22,19,19,20,3,3,4,9,22,23,17,12,27,11,10,6,True
전남,화순군,325,11,546,115,386,2019,31,40,68,46,57,41,42,4,3,5,14,46,38,46,43,52,46,21,7,False
경북,포항시,2203,27,3300,628,2493,2022,250,305,318,339,301,367,323,64,35,41,109,208,245,262,279,303,309,212,136,False
경남,밀양시,496,9,734,215,482,2020,76,84,66,63,66,70,71,8,4,14,27,57,70,75,57,71,61,34,18,True
경기,동두천시,273,5,376,54,307,2022,26,44,40,39,40,48,36,11,7,5,19,21,34,33,32,28,40,28,15,False
광주,서구,2019,9,3204,283,2784,2020,198,290,326,308,307,330,260,99,69,72,83,183,174,192,214,269,313,192,159,False
인천,강화군,202,7,300,112,167,2018,29,23,19,30,28,38,35,2,1,1,13,22,25,36,30,32,18,16,6,True
인천,계양구,879,10,1190,240,905,2019,91,135,135,131,140,138,109,40,24,33,51,112,69,76,87,116,114,84,73,False
충남,청양군,151,7,230,93,129,2021,16,19,19,17,22,31,27,1,0,4,9,15,26,11,35,23,16,7,4,True
울산,남구,1272,11,1744,426,1195,2020,135,184,198,178,181,220,176,70,56,27,82,106,131,116,131,166,152,121,114,False
경기,성남시,3834,37,5635,1291,3881,2018,433,535,581,550,602,589,544,233,135,142,203,387,349,319,387,427,506,377,369,False
부산,사하구,1110,12,1529,402,997,2019,109,145,163,184,164,177,168,56,33,38,77,100,100,99,119,143,159,115,71,True
경기,군포시,659,7,954,238,591,2018,86,91,72,97,99,112,102,30,17,24,32,69,53,51,67,74,86,75,81,True
울산,중구,603,8,847,201,574,2020,72,75,105,82,86,80,103,37,17,18,27,54,51,68,71,68,79,62,51,False
부산,서구,452,6,627,141,446,2018,53,74,66,57,71,75,56,19,12,10,23,60,43,47,53,62,54,39,30,False
전남,강진군,321,6,523,140,343,2019,40,38,52,50,44,51,46,2,3,4,17,49,55,38,61,47,29,9,7,True
강원,양구군,85,5,137,22,105,2018,6,12,6,16,17,16,12,4,0,0,4,10,9,10,7,19,13,4,5,False
경기,고양시,3586,37,5112,853,3824,2020,385,500,521,545,513,604,518,167,96,84,186,321,322,365,410,431,563,362,279,False
부산,사하구,916,7,1213,331,809,2022,94,114,153,135,149,143,128,24,22,27,75,112,82,84,105,128,113,85,59,True
경기,군포시,650,3,1024,214,671,2019,69,83,102,93,91,112,100,20,11,17,33,66,65,57,78,81,106,74,42,False
충남,당진시,690,36,978,221,742,2021,76,105,103,99,102,101,104,24,13,13,43,60,75,58,85,99,90,80,50,False
부산,진구,1688,14,2304,605,1509,2019,166,230,253,245,240,265,289,105,77,70,80,126,138,180,183,204,214,169,142,True
광주,남구,661,3,912,119,772,2022,64,96,92,101,102,115,91,19,9,12,40,73,60,70,66,105,94,61,52,False
서울,강남구,3752,17,5189,771,4004,2020,314,540,560,618,588,635,497,230,144,113,131,294,350,403,397,450,529,392,319,False
인천,미추홀구,1229,17,1641,313,1167,2019,169,161,169,175,170,214,171,83,56,48,56,122,105,116,126,157,141,118,101,False
경북,성주군,247,11,366,100,255,2021,34,41,24,37,38,42,31,4,1,4,13,34,31,29,42,38,27,22,2,True
충북,청주시,4949,49,7938,1551,6097,2019,553,752,729,734,682,776,723,200,115,125,286,532,422,510,567,617,731,492,352,False
강원,태백시,190,7,268,37,223,2021,22,27,40,22,28,33,18,4,0,0,12,25,31,27,31,23,15,14,8,False
부산,기장군,433,8,670,166,470,2018,40,64,52,65,73,76,63,15,7,9,24,48,46,46,43,57,64,47,27,True
강원,태백시,177,2,267,47,216,2019,7,31,24,24,23,42,26,5,2,2,6,25,19,24,25,30,23,10,6,False
전남,무안군,395,17,579,112,466,2019,43,57,46,55,73,68,53,10,2,4,19,47,41,55,57,54,59,27,20,False
서울,서초구,2418,14,3530,571,2631,2019,240,332,362,361,379,371,373,130,93,73,135,231,242,259,265,303,274,219,194,False
경기,연천군,178,8,283,56,217,2022,22,36,16,25,28,27,24,6,0,1,4,18,30,18,28,23,19,27,4,False
전북,고창군,134,9,214,67,147,2021,19,22,20,16,28,11,18,0,2,0,13,17,15,14,19,20,20,9,5,True
충북,충주시,1099,21,1830,417,1361,2020,128,141,154,163,177,182,154,26,24,17,52,115,111,142,146,134,147,106,79,False
전남,목포시,1385,20,2309,256,2029,2021,145,219,193,218,197,220,193,44,18,30,59,122,143,176,149,197,203,141,103,False
대구,남구,643,3,898,134,705,2022,64,103,109,84,94,91,98,25,14,13,23,54,63,82,80,100,75,80,34,False
강원,삼척시,365,6,580,152,417,2018,37,60,56,56,43,56,57,8,1,7,14,39,54,51,56,58,44,22,11,True
전남,영암군,400,9,703,123,566,2020,38,52,64,59,53,68,66,12,1,9,37,52,54,55,49,52,45,19,15,False
경북,상주시,492,30,701,231,463,2021,58,77,79,60,73,84,61,10,7,4,26,66,81,70,59,73,54,25,17,True
강원,동해시,358,7,494,102,390,2019,35,60,57,63,44,56,43,5,4,6,23,40,35,44,47,45,57,37,15,False
경기,화성시,3230,43,4768,769,3700,2022,284,466,481,542,511,538,408,100,48,58,244,327,307,319,346,443,512,297,229,False
경남,거제시,820,14,1108,347,739,2020,88,114,107,120,133,144,114,28,16,11,58,62,68,89,85,102,161,85,55,True
경기,양평군,553,9,920,218,605,2020,104,67,69,70,77,69,97,10,9,3,20,58,81,77,88,88,59,44,16,False
충남,홍성군,322,12,443,149,290,2020,22,56,42,54,52,47,49,9,7,7,16,38,34,32,34,48,42,36,19,True
강원,화천군,96,2,169,26,127,2021,14,13,17,7,15,14,16,0,0,1,4,10,16,10,14,20,12,2,7,False
경기,광명시,950,10,1300,207,998,2022,96,137,153,149,137,132,146,27,15,29,53,107,108,110,104,126,112,99,60,False
인천,서구,1688,24,2306,401,1877,2021,164,267,248,239,291,270,209,42,22,39,111,159,145,171,186,239,240,202,132,False
충북,괴산군,193,10,340,105,226,2020,21,37,28,16,20,37,34,6,1,3,11,28,40,22,30,20,16,10,6,True
서울,광진구,973,3,1316,293,955,2019,125,142,132,145,133,141,155,73,39,33,54,78,81,84,103,133,113,95,87,False
전남,진도군,93,4,145,31,107,2021,5,18,14,16,13,15,12,0,0,4,3,13,15,7,15,15,12,7,2,False
인천,동구,153,4,198,46,149,2020,16,19,29,18,20,27,24,3,2,3,10,15,14,22,19,23,21,9,12,False
강원,속초시,384,2,584,162,418,2021,51,56,52,49,46,61,69,12,8,4,12,24,42,54,58,54,49,41,26,True
경북,군위군,106,5,157,47,110,2020,17,15,15,18,12,8,21,2,2,1,10,7,18,12,16,18,13,6,1,True
부산,동구,587,3,812,215,541,2018,67,89,95,66,92,83,95,20,17,12,35,64,64,60,71,59,83,59,43,True
경기,남양주시,2431,41,3903,707,2843,2018,277,346,352,355,345,384,372,103,51,55,123,278,266,232,267,328,324,229,175,False
서울,용산구,1014,11,1330,250,1037,2022,122,123,157,137,147,143,185,36,47,38,47,76,110,105,127,122,114,102,90,False
인천,부평구,1472,11,1905,301,1487,2021,175,227,227,200,200,254,189,52,20,38,65,128,117,163,164,211,209,175,130,False
서울,마포구,1494,7,2123,410,1521,2019,183,186,215,187,243,247,233,88,73,69,76,135,121,142,147,155,171,165,152,False
강원,강릉시,888,14,1360,285,1054,2019,99,131,115,145,111,148,139,32,12,22,36,100,87,128,98,128,132,63,50,False
충남,공주시,630,24,1092,311,711,2018,72,91,82,77,94,100,114,19,9,17,30,70,71,70,85,95,94,35,35,True
