시도,시군구,사고건수[건],사망자수[명],부상자수[명],중상자[명],경상자[명],연도,일,월,화,수,목,금,토,00시-02시,02시-04시,04시-06시,06시-08시,08시-10시,10시-12시,12시-14시,14시-16시,16시-18시,18시-20시,20시-22시,22시-24시,Severity
울산,울주군,906,27,1373,350,899,2019,101,120,132,131,135,167,120,26,14,28,79,91,98,90,116,118,133,66,47,0.25491624180626365
경기,시흥시,2385,32,3615,625,2781,2021,255,355,327,349,352,418,329,66,32,59,173,244,210,255,233,320,351,266,176,0.17289073305670816
경북,구미시,1652,29,2338,516,1686,2022,183,209,281,241,251,272,215,71,30,26,109,180,154,163,167,208,251,182,111,0.22070145423438836
전북,김제시,263,13,398,118,276,2021,25,41,36,48,38,37,38,3,3,4,16,27,34,31,43,41,30,16,15,0.2964824120603015
대구,달서구,3679,17,5381,935,3992,2019,387,549,549,571,517,561,545,157,94,89,206,330,298,364,365,457,604,437,278,0.17375952425199778
경북,경산시,874,20,1202,274,912,2022,86,124,127,122,146,149,120,22,13,13,41,94,90,98,86,104,155,104,54,0.22795341098169716
부산,사상구,1100,13,1528,311,964,2019,103,161,166,177,153,184,156,44,21,32,54,126,100,118,127,163,151,90,74,0.20353403141361257
전북,김제시,368,29,590,155,426,2020,36,73,56,50,56,46,51,11,5,9,25,37,47,41,49,55,52,25,12,0.2627118644067797
서울,동대문구,1699,14,2160,597,1408,2018,174,265,222,248,257,268,265,70,46,58,102,170,160,183,195,212,196,170,137,0.2763888888888889
대구,서구,1008,8,1501,271,1105,2021,103,158,142,138,138,169,160,35,12,19,73,114,110,124,120,122,135,88,56,0.18054630246502332
서울,중구,854,3,1156,250,826,2021,74,112,135,141,144,160,88,27,28,19,34,61,83,116,96,81,138,90,81,0.21626297577854672
경기,용인시,3485,34,5698,1009,3916,2019,340,529,495,540,569,527,485,128,74,81,241,423,331,348,385,440,471,324,239,0.1770796770796771
경기,의정부시,1704,17,2462,448,1720,2019,190,255,261,226,247,263,262,80,48,64,91,166,141,159,180,222,231,168,154,0.18196588139723802
전남,강진군,321,6,523,140,343,2019,40,38,52,50,44,51,46,2,3,4,17,49,55,38,61,47,29,9,7,0.2676864244741874
부산,북구,694,11,922,209,642,2020,83,97,103,95,100,104,112,22,16,17,40,45,53,79,89,84,121,85,43,0.22668112798264642
전남,고흥군,275,15,430,132,280,2021,44,45,33,39,37,50,27,4,4,3,12,43,40,50,42,35,21,13,8,0.30697674418604654
서울,송파구,2892,13,4003,736,2823,2019,299,410,444,426,432,471,410,162,87,88,141,311,262,263,311,347,373,297,250,0.18386210342243317
서울,금천구,844,9,1152,204,873,2022,95,117,123,111,133,132,133,49,15,24,48,70,77,82,86,113,118,100,62,0.17708333333333334
전북,김제시,481,23,874,183,678,2019,50,82,70,72,68,75,64,11,3,13,29,46,58,60,71,74,57,39,20,0.20938215102974828
부산,동구,484,5,626,121,466,2021,45,62,97,57,69,83,71,14,2,6,24,60,55,66,71,60,48,40,38,0.19329073482428116
경남,함양군,174,9,253,99,119,2021,16,28,35,24,25,29,17,2,2,1,11,25,28,22,26,25,20,7,5,0.391304347826087
인천,계양구,894,4,1250,235,964,2020,73,137,146,138,128,138,134,34,24,25,53,74,89,85,106,123,127,92,62,0.188
강원,강릉시,712,14,1046,194,840,2022,87,104,106,87,103,100,125,16,7,7,30,61,81,103,117,90,90,66,44,0.18546845124282982
서울,서대문구,1033,5,1403,326,890,2018,111,165,123,149,154,180,151,71,45,33,55,104,97,93,102,122,123,102,86,0.2323592302209551
강원,홍천군,357,10,573,135,420,2020,36,41,38,52,44,74,72,7,3,1,15,30,46,65,52,60,53,13,12,0.2356020942408377
경기,하남시,1195,9,1731,238,1291,2021,115,194,195,158,183,191,159,23,10,16,66,123,134,120,140,177,197,112,77,0.13749277874061236
전북,익산시,987,23,1433,287,1137,2021,98,146,158,129,147,165,144,27,11,23,48,84,102,107,115,154,151,94,71,0.2002791346824843
인천,서구,1688,24,2306,401,1877,2021,164,267,248,239,291,270,209,42,22,39,111,159,145,171,186,239,240,202,132,0.17389418907198612
인천,옹진군,33,1,67,12,52,2021,6,0,5,4,5,6,7,1,0,0,0,3,5,5,5,4,8,2,0,0.1791044776119403
부산,수영구,717,3,953,213,672,2022,83,103,108,106,99,111,107,28,15,16,18,58,74,100,107,91,89,66,55,0.22350472193074503
경북,청송군,95,10,142,52,85,2018,14,14,20,14,7,10,16,1,0,1,6,11,18,14,12,18,8,3,3,0.36619718309859156
강원,삼척시,209,8,289,80,209,2022,21,26,35,41,27,30,29,2,1,7,7,17,26,30,38,34,31,13,3,0.2768166089965398
전남,함평군,209,6,358,84,214,2018,21,28,38,30,27,38,27,4,1,6,11,36,30,34,35,18,20,9,5,0.2346368715083799
경남,남해군,192,8,297,130,120,2019,23,37,32,25,16,32,27,3,1,4,11,23,24,28,35,31,18,9,5,0.4377104377104377
전남,해남군,366,17,552,154,391,2018,30,50,52,64,66,58,46,6,1,3,20,70,57,56,38,43,40,19,13,0.27898550724637683
강원,속초시,446,1,699,193,495,2020,69,62,52,50,62,74,77,25,4,5,18,45,51,50,56,49,64,43,36,0.2761087267525036
인천,동구,113,0,158,33,123,2022,8,16,12,25,16,20,16,3,3,2,6,12,12,14,19,13,14,9,6,0.2088607594936709
충북,충주시,1053,28,1561,324,1214,2022,111,159,149,154,154,162,164,25,11,13,58,114,133,131,139,140,146,96,47,0.20755925688661114
경북,영천시,793,23,1351,254,1047,2019,81,120,121,106,115,127,123,15,9,18,49,92,90,77,123,126,109,52,33,0.18800888230940044
충남,보령시,468,12,682,244,431,2020,65,70,55,60,63,83,72,9,5,10,23,52,53,48,64,54,64,51,35,0.35777126099706746
울산,남구,1383,9,1925,491,1299,2019,153,217,208,198,194,221,192,91,42,43,93,131,118,139,123,156,180,136,131,0.25506493506493505
전남,고흥군,287,14,435,174,255,2018,35,43,35,52,39,42,41,7,2,2,16,51,30,38,41,43,32,16,9,0.4
경기,여주시,538,14,929,155,735,2021,57,74,79,73,85,91,79,8,7,9,33,47,61,74,80,73,68,54,24,0.1668460710441335
전남,장흥군,301,11,466,142,316,2019,24,39,59,51,39,50,39,8,2,4,23,53,40,44,32,39,34,12,10,0.30472103004291845
경남,창녕군,227,9,328,139,169,2022,27,35,32,38,35,30,30,3,4,2,14,21,41,26,39,35,27,11,4,0.42378048780487804
전북,장수군,34,6,52,18,34,2021,2,7,4,6,3,7,5,0,0,2,3,3,6,3,6,4,6,1,0,0.34615384615384615
경기,수원시,4920,31,7044,1172,5216,2019,563,692,715,676,776,753,745,253,163,183,257,506,416,437,514,567,699,517,408,0.16638273708120385
대구,달성군,856,13,1248,253,911,2021,85,146,120,117,121,144,123,23,10,11,41,85,76,96,120,129,147,79,39,0.20272435897435898
부산,영도구,348,3,464,125,301,2019,37,54,52,68,49,49,39,21,10,4,22,32,40,35,45,51,44,22,22,0.26939655172413796
경기,동두천시,329,4,456,97,328,2020,48,48,49,45,60,41,38,20,3,5,20,30,28,46,33,52,50,27,15,0.21271929824561403
충북,음성군,528,12,814,213,576,2021,53,81,71,88,74,98,63,8,7,12,39,60,43,47,54,74,84,66,34,0.2616707616707617
서울,강서구,1501,13,2042,414,1517,2021,145,202,196,247,241,228,242,47,27,24,67,116,143,154,163,207,227,194,132,0.20274240940254654
서울,마포구,1272,13,1754,301,1291,2020,151,171,194,192,169,190,205,105,62,42,38,91,112,109,109,157,183,147,117,0.17160775370581527
인천,연수구,687,17,978,255,691,2018,68,82,102,95,111,117,112,45,27,26,33,64,63,52,65,84,93,71,64,0.2607361963190184
충남,천안시,3039,29,4392,678,3492,2021,358,452,415,452,429,488,445,139,46,62,186,281,283,298,340,356,480,304,264,0.15437158469945356
충남,아산시,1267,21,1871,356,1474,2022,129,193,190,183,169,226,177,40,17,30,92,137,117,110,152,167,183,132,90,0.1902725815072154
강원,강릉시,918,22,1410,291,1098,2018,106,148,112,132,137,139,144,35,13,22,34,101,96,100,116,128,117,78,78,0.20638297872340425
강원,고성군,119,5,199,74,115,2021,18,10,14,11,24,14,28,2,1,1,8,12,18,23,25,13,8,4,4,0.37185929648241206
강원,영월군,156,4,252,55,90,2019,19,27,20,19,21,29,21,2,0,7,8,23,33,14,16,23,23,3,4,0.21825396825396826
경기,오산시,1108,7,1571,263,1107,2021,111,143,142,174,174,204,160,36,14,22,65,93,96,103,123,159,181,124,92,0.16740929344366645
경기,양평군,532,15,826,225,532,2018,82,75,75,77,62,75,86,10,2,9,22,69,58,64,85,88,73,31,21,0.27239709443099275
경북,의성군,223,9,305,132,165,2022,24,45,30,26,31,37,30,2,4,3,14,26,28,45,26,32,28,8,7,0.43278688524590164
충남,공주시,445,13,730,170,531,2022,59,79,55,55,65,65,67,9,9,6,22,51,40,66,61,64,55,41,21,0.2328767123287671
대구,동구,1522,8,2196,343,1653,2022,186,212,209,227,221,242,225,45,24,32,44,162,153,167,203,201,249,143,99,0.15619307832422585
전북,순창군,103,12,145,33,83,2022,8,16,11,13,13,15,27,0,0,2,6,12,18,13,21,9,12,6,4,0.22758620689655173
부산,연제구,646,4,850,174,620,2022,66,99,100,86,96,103,96,20,18,15,23,68,78,85,76,61,85,67,50,0.20470588235294118
서울,동작구,1148,11,1520,243,1115,2021,127,159,169,166,163,181,183,26,16,30,44,111,108,133,132,148,180,120,100,0.15986842105263158
경기,용인시,3205,37,5116,1143,3282,2018,289,450,481,475,512,527,471,138,65,92,222,381,300,307,332,385,463,294,226,0.22341673182173574
서울,관악구,1172,9,1535,285,1199,2022,142,164,170,160,163,198,175,63,27,38,53,97,99,125,114,143,173,133,107,0.18566775244299674
인천,강화군,198,7,285,73,204,2021,26,26,24,25,37,23,37,2,2,3,9,25,21,27,39,28,20,16,6,0.256140350877193
전북,임실군,79,4,116,39,75,2022,8,10,13,11,17,10,10,0,0,0,3,17,10,13,9,10,12,3,2,0.33620689655172414
강원,횡성군,208,9,304,88,203,2021,34,31,19,23,30,32,39,0,1,3,12,25,24,31,31,43,24,14,0,0.2894736842105263
대구,달성군,868,15,1279,311,900,2018,115,115,117,133,112,147,129,28,8,16,54,90,65,87,92,105,151,115,57,0.24315871774824083
경기,여주시,513,14,814,195,577,2018,57,68,53,80,91,83,81,17,12,9,32,54,54,54,60,68,80,43,30,0.23955773955773957
대전,동구,1258,24,1811,398,1380,2018,148,197,170,174,179,199,191,54,25,32,85,114,108,134,124,178,167,135,102,0.21976808393152955
경기,과천시,168,1,256,41,202,2021,14,30,22,28,21,25,28,4,0,2,15,26,15,19,25,20,18,14,10,0.16015625
강원,평창군,196,13,354,79,258,2022,22,14,33,18,20,35,54,2,2,2,6,22,24,30,32,33,21,13,9,0.2231638418079096
경기,파주시,1708,28,2428,458,1816,2021,193,249,241,252,282,254,237,34,17,24,103,180,155,202,198,239,269,178,109,0.1886326194398682
부산,사하구,916,7,1213,331,809,2022,94,114,153,135,149,143,128,24,22,27,75,112,82,84,105,128,113,85,59,0.27287716405605933
충남,예산군,343,18,550,109,422,2022,44,43,58,42,53,51,52,9,5,11,17,36,36,35,58,51,38,34,13,0.19818181818181818
충북,보은군,136,10,231,55,174,2021,19,18,18,25,16,21,19,2,3,0,6,14,19,9,24,25,20,5,9,0.23809523809523808
서울,송파구,2860,27,3932,778,2681,2018,278,398,418,425,433,477,431,170,111,95,166,261,245,258,329,321,356,297,251,0.19786368260427264
인천,계양구,749,9,1009,171,808,2021,86,116,112,103,112,119,101,19,5,21,39,73,68,83,77,100,111,92,61,0.1694747274529237
경기,안양시,1616,20,2366,494,1711,2019,195,233,229,238,216,264,241,100,47,41,87,160,162,160,151,187,206,179,136,0.2087912087912088
대구,동구,1954,19,2975,565,2165,2019,240,276,281,282,290,292,293,57,44,36,89,193,189,201,241,273,292,212,127,0.1899159663865546
충남,계룡시,47,2,72,18,53,2022,4,4,9,6,10,8,6,1,0,2,0,8,5,6,5,7,5,5,3,0.25
전남,강진군,302,14,536,117,392,2018,25,51,47,26,36,49,68,3,6,7,18,41,45,37,47,42,33,13,10,0.21828358208955223
전남,완도군,170,12,245,43,193,2020,15,24,27,30,34,17,23,4,2,3,8,16,21,26,33,16,29,10,2,0.17551020408163265
충남,아산시,1185,27,1687,360,1279,2021,143,175,161,194,158,192,162,36,23,25,82,109,99,122,150,152,187,115,85,0.21339656194427978
전북,진안군,50,5,75,32,43,2018,8,7,6,9,9,10,1,0,0,0,6,12,8,2,3,12,5,2,0,0.4266666666666667
울산,울주군,830,24,1308,354,821,2018,93,121,133,118,112,131,122,23,15,31,84,100,82,69,89,107,97,80,53,0.2706422018348624
강원,속초시,433,6,660,193,457,2018,56,70,55,60,64,74,54,15,7,5,16,56,46,52,54,47,55,51,29,0.2924242424242424
전북,군산시,1225,25,1915,343,1512,2019,139,168,201,172,167,194,184,47,23,34,81,120,111,124,123,185,171,126,80,0.17911227154046996
전남,영광군,225,11,347,91,227,2019,17,33,29,34,31,37,44,3,2,4,17,23,35,25,31,28,32,17,8,0.2622478386167147
전남,여수시,1567,27,2408,410,1930,2019,171,201,207,250,237,270,231,57,29,36,117,149,151,179,190,220,193,148,98,0.17026578073089702
서울,동작구,1412,9,1892,417,1242,2018,147,198,191,216,231,218,211,90,55,55,75,166,110,127,131,135,188,147,133,0.2204016913319239
경남,양산시,1286,25,1851,530,1157,2019,143,194,179,185,208,211,166,55,23,33,88,133,123,131,149,175,193,118,65,0.2863317125877904
충남,청양군,151,7,230,93,129,2021,16,19,19,17,22,31,27,1,0,4,9,15,26,11,35,23,16,7,4,0.4043478260869565
충북,증평군,152,3,207,41,146,2022,23,17,28,22,24,17,21,3,4,3,4,17,16,25,18,27,20,9,6,0.19806763285024154
전남,장흥군,255,9,403,71,327,2020,25,61,35,37,27,41,29,4,1,3,15,39,45,33,39,29,30,12,5,0.1761786600496278
경북,울진군,93,5,121,46,68,2021,4,21,10,15,9,15,19,1,2,0,10,7,14,18,12,9,11,9,0,0.38016528925619836
부산,사하구,1110,12,1529,402,997,2019,109,145,163,184,164,177,168,56,33,38,77,100,100,99,119,143,159,115,71,0.262916939175932
광주,광산구,2077,20,3164,334,2701,2022,209,323,306,297,285,351,306,75,32,41,122,197,186,224,218,290,327,222,143,0.10556257901390645
경북,영덕군,264,11,440,144,274,2018,41,38,41,40,35,28,41,6,6,6,17,29,39,36,45,31,26,15,8,0.32727272727272727
경남,하동군,143,11,205,91,99,2019,17,19,25,21,22,17,22,2,1,2,4,25,20,14,22,24,17,9,3,0.44390243902439025
서울,노원구,1462,5,2016,372,1488,2020,176,213,215,202,213,223,220,70,27,37,59,115,145,170,181,184,200,169,105,0.18452380952380953
경남,거제시,808,15,1082,323,721,2021,81,107,132,130,118,123,117,24,9,11,63,78,70,88,91,111,134,80,49,0.29852125693160814
경남,합천군,151,8,229,121,96,2022,21,25,25,16,16,21,27,0,1,0,12,20,25,25,27,21,6,12,2,0.5283842794759825
대전,중구,1052,14,1508,242,1222,2021,121,157,151,149,155,172,147,21,15,13,46,105,103,144,140,131,152,102,80,0.16047745358090185
경기,시흥시,2293,26,3497,631,2666,2020,279,347,326,329,344,349,319,100,49,76,176,224,189,194,246,301,324,249,165,0.18044037746639977
경남,산청군,180,14,304,103,181,2021,25,20,29,34,23,26,23,3,2,3,12,28,21,20,26,25,23,11,6,0.33881578947368424
광주,동구,591,5,853,87,707,2021,53,83,84,97,95,87,92,19,12,11,18,65,67,63,67,81,89,53,46,0.10199296600234467
경남,함안군,294,10,410,135,265,2020,23,50,45,56,47,39,34,7,3,7,28,37,39,42,28,34,38,17,14,0.32926829268292684
경기,김포시,1682,24,2664,569,1878,2018,175,245,246,271,277,247,221,50,24,32,122,220,151,162,210,228,216,166,101,0.2135885885885886
경기,성남시,3834,37,5635,1291,3881,2018,433,535,581,550,602,589,544,233,135,142,203,387,349,319,387,427,506,377,369,0.22910381543921918
경남,밀양시,532,23,728,260,432,2019,57,78,73,80,75,78,91,11,6,20,34,65,63,57,71,66,64,53,22,0.35714285714285715
경남,의령군,130,10,176,66,104,2018,14,21,16,26,16,25,12,1,0,0,6,20,26,18,22,16,14,4,3,0.375
강원,철원군,113,1,178,44,131,2022,17,9,12,22,18,19,16,2,0,3,5,16,22,15,13,17,13,5,2,0.24719101123595505
광주,남구,863,11,1327,149,1131,2020,88,143,129,149,133,123,98,43,16,20,44,90,81,79,123,106,132,68,61,0.11228334589299171
경기,이천시,1016,19,1626,355,1153,2018,103,144,159,144,162,150,154,32,20,24,58,113,98,105,122,116,161,91,76,0.21832718327183273
강원,홍천군,268,9,496,83,360,2022,41,34,35,33,34,53,38,2,2,3,15,32,31,30,42,45,33,21,12,0.16733870967741934
인천,남동구,1937,23,2747,510,2118,2019,231,278,257,297,273,314,287,114,68,62,112,184,176,198,223,247,257,152,144,0.18565708045140153
전남,영광군,245,16,361,106,245,2018,37,46,41,26,34,39,22,7,4,6,12,29,38,32,31,26,32,16,12,0.29362880886426596
충남,보령시,347,18,494,229,262,2018,44,41,68,42,41,50,61,18,7,11,16,48,32,34,31,44,46,38,22,0.46356275303643724
대구,동구,1731,21,2615,422,1948,2020,171,254,296,261,262,245,242,67,29,27,82,174,172,198,209,225,284,166,98,0.16137667304015296
전북,정읍시,671,17,1043,247,781,2018,80,92,92,98,109,109,91,18,15,16,40,72,74,84,84,74,101,55,38,0.236816874400767
경남,고성군,208,13,265,113,148,2022,24,25,33,30,38,34,24,4,4,7,13,29,30,32,21,34,23,9,2,0.42641509433962266
전남,완도군,163,8,239,34,197,2021,13,26,24,25,24,27,24,3,1,6,9,14,22,28,20,29,13,9,9,0.14225941422594143
전북,임실군,119,8,162,62,96,2021,11,22,18,20,21,10,17,0,0,3,8,26,19,11,25,13,10,2,2,0.38271604938271603
전남,완도군,186,4,299,80,218,2019,22,27,27,28,24,33,25,3,2,3,14,27,22,21,35,18,20,12,9,0.26755852842809363
전남,강진군,244,5,401,94,266,2022,26,31,31,49,32,36,39,5,1,3,15,44,38,34,30,30,29,8,7,0.2344139650872818
인천,남동구,1563,15,2231,316,1812,2022,173,196,248,238,214,261,233,68,41,63,87,173,143,133,175,197,206,171,106,0.14164051994621246
충남,부여군,201,6,285,154,131,2020,19,28,25,34,29,32,34,0,1,1,9,28,27,23,26,39,25,15,7,0.5403508771929825
강원,양구군,79,5,107,17,84,2022,9,15,13,10,12,10,10,2,0,0,2,9,4,12,16,11,13,5,5,0.1588785046728972
경기,포천시,826,16,1336,220,1061,2022,95,133,124,113,118,118,125,12,10,17,32,111,88,92,122,129,115,63,35,0.16467065868263472
강원,태백시,170,1,270,40,220,2020,25,21,27,23,25,27,22,2,1,0,8,16,21,25,26,29,16,10,16,0.14814814814814814
대구,북구,2100,16,2951,545,2141,2021,198,330,296,343,316,341,276,59,31,40,120,183,229,237,251,312,307,190,141,0.1846831582514402
전남,순천시,1152,24,1715,261,1399,2021,125,175,162,188,152,199,151,36,23,23,53,133,125,128,123,157,159,124,68,0.1521865889212828
전남,곡성군,122,2,176,55,112,2018,17,18,21,17,18,15,16,2,1,1,5,19,22,19,18,20,11,2,2,0.3125
충남,부여군,222,16,278,159,113,2019,26,38,38,23,35,33,29,0,2,3,16,33,30,29,28,32,36,8,5,0.5719424460431655
전북,완주군,278,17,422,119,296,2019,29,43,45,35,45,47,34,5,4,7,24,34,31,25,34,31,43,27,13,0.28199052132701424
전북,부안군,140,10,190,68,119,2022,21,18,20,12,28,23,18,1,0,1,7,18,17,19,16,27,21,10,3,0.35789473684210527
서울,동작구,1217,7,1651,260,1239,2022,126,184,176,183,153,207,188,47,25,26,63,117,106,132,146,154,185,115,101,0.15748031496062992
서울,성동구,948,8,1222,226,941,2022,102,133,126,147,134,172,134,55,21,29,40,94,95,95,103,111,138,89,78,0.18494271685761046
서울,마포구,1671,11,2429,459,1803,2018,221,203,224,228,242,282,271,154,97,83,92,127,123,157,150,141,215,170,162,0.18896665294359818
광주,동구,540,3,778,96,640,2020,51,84,78,81,98,63,85,23,17,15,33,55,69,45,71,64,61,44,43,0.12339331619537275
경남,김해시,1924,23,2660,732,1776,2022,223,263,284,288,287,301,278,59,35,41,116,168,186,202,216,248,301,207,145,0.27518796992481204
경북,봉화군,83,11,130,38,90,2021,6,12,15,13,13,13,11,2,0,0,5,7,15,14,8,16,10,3,3,0.2923076923076923
경남,남해군,194,5,275,106,129,2021,30,30,23,14,35,27,35,1,1,1,10,23,30,25,37,24,21,11,10,0.38545454545454544
충북,청주시,4141,49,6192,1204,4828,2021,490,589,581,631,597,682,571,156,73,75,230,393,379,483,485,517,634,399,317,0.19444444444444445
강원,인제군,88,7,154,51,93,2021,10,11,10,9,18,15,15,4,1,0,2,15,7,17,10,17,11,2,2,0.33116883116883117
경북,성주군,254,9,372,92,275,2020,26,45,49,46,25,31,32,5,1,7,10,32,36,37,27,42,29,16,12,0.24731182795698925
인천,중구,431,15,617,114,493,2021,67,53,58,60,68,59,66,17,6,11,29,48,34,39,70,60,42,46,29,0.1847649918962723
경기,의왕시,488,10,780,165,546,2019,57,69,70,69,92,75,56,19,9,19,32,59,48,64,50,65,61,37,25,0.21153846153846154
강원,인제군,89,5,151,42,90,2022,16,8,11,14,8,14,18,1,0,1,2,12,7,20,17,16,4,6,3,0.2781456953642384
경기,광주시,1867,20,2871,480,2182,2019,201,266,278,292,282,279,269,62,40,41,118,220,199,212,203,222,306,152,92,0.1671891327063741
전남,함평군,193,9,297,65,189,2019,28,30,29,31,21,27,27,6,2,0,8,27,27,31,26,24,26,7,9,0.21885521885521886
전남,함평군,185,6,319,60,211,2020,23,23,34,28,23,26,28,5,0,1,13,26,26,26,28,33,14,10,3,0.18808777429467086
충남,아산시,762,38,1046,327,674,2018,96,109,118,108,112,102,117,33,26,20,54,60,52,63,86,102,97,97,72,0.31261950286806883
부산,연제구,868,3,1183,277,822,2019,87,120,122,133,122,147,137,39,26,25,43,82,91,89,89,103,123,92,66,0.23415046491969568
대구,남구,859,5,1257,263,916,2018,100,129,122,144,133,125,106,46,31,35,35,77,102,94,104,94,89,92,60,0.2092283214001591
대전,서구,2677,23,4096,599,3309,2019,300,405,362,365,384,447,414,167,103,89,119,254,227,256,258,308,409,285,202,0.146240234375
전북,임실군,115,7,181,56,120,2019,6,24,17,24,12,15,17,0,0,1,12,12,18,19,18,14,11,6,4,0.30939226519337015
경기,가평군,380,11,682,128,481,2018,62,49,51,59,39,37,83,7,9,3,11,44,57,60,57,53,36,22,21,0.187683284457478
경기,과천시,208,4,354,40,295,2022,22,33,36,24,33,28,32,3,3,4,20,25,25,22,27,26,28,20,5,0.11299435028248588
부산,금정구,816,11,1105,222,799,2022,96,121,122,111,122,131,113,30,14,12,35,93,92,110,87,134,107,67,35,0.20090497737556562
인천,동구,107,4,136,33,103,2021,9,21,16,6,14,21,20,3,1,1,8,8,11,7,16,20,18,11,3,0.2426470588235294
전북,남원시,311,8,440,170,269,2019,33,54,49,47,41,49,38,6,3,5,14,36,28,41,47,50,48,26,7,0.38636363636363635
부산,강서구,783,15,1188,279,856,2021,68,111,120,103,140,147,94,14,10,20,85,96,71,90,93,110,98,58,38,0.23484848484848486
경북,경주시,1312,30,1914,543,1252,2020,178,213,189,193,202,173,164,43,16,34,75,132,164,167,162,168,164,111,76,0.2836990595611285
서울,서초구,2264,8,3391,441,2775,2022,223,296,323,374,370,366,312,89,68,50,103,232,254,264,253,273,321,201,156,0.13005013270421706
인천,남동구,1834,19,2649,441,2065,2020,185,256,292,312,256,272,261,96,56,46,111,173,157,190,204,218,258,185,140,0.1664779161947905
충남,당진시,783,33,1207,375,806,2019,100,110,111,116,109,132,105,18,9,20,43,73,75,93,91,104,127,79,51,0.3106876553438277
전남,고흥군,329,17,595,219,358,2019,43,62,41,38,52,50,43,3,7,9,23,49,42,41,48,44,37,17,9,0.3680672268907563
부산,동구,574,3,826,196,561,2019,60,92,87,74,82,91,88,22,18,20,32,50,66,71,72,68,70,41,44,0.23728813559322035
인천,옹진군,32,3,55,20,29,2019,7,4,5,3,4,8,1,3,0,0,1,4,3,5,2,7,1,5,1,0.36363636363636365
전남,광양시,739,17,1142,236,862,2019,79,98,99,98,118,130,117,31,12,15,47,78,72,91,78,95,110,53,57,0.20665499124343256
서울,영등포구,2178,15,2967,472,2270,2021,237,295,318,320,306,379,323,74,28,52,101,165,216,294,264,273,301,239,171,0.15908324907313784
전남,나주시,643,23,1139,217,889,2018,73,96,91,106,83,105,89,16,18,6,42,75,79,73,62,67,102,57,46,0.19051799824407376
세종,세종시,813,7,1076,313,733,2020,75,123,124,129,120,132,110,25,15,19,51,98,70,85,81,117,127,76,49,0.2908921933085502
경기,평택시,3190,41,4819,801,3595,2020,351,467,476,485,475,516,420,141,80,97,266,276,262,312,310,388,481,354,223,0.16621705748080515
충북,증평군,167,2,242,74,157,2020,23,27,21,24,17,26,29,3,2,7,14,15,22,24,15,19,26,15,5,0.30578512396694213
제주,서귀포시,1273,26,2052,519,1305,2019,158,165,184,197,188,185,196,42,19,28,69,137,146,157,171,190,165,89,60,0.25292397660818716
경기,시흥시,2480,30,3880,805,2806,2019,266,367,381,357,336,417,356,116,68,77,182,239,221,238,222,314,360,267,176,0.20747422680412372
서울,성동구,1119,9,1481,322,1071,2020,111,173,203,184,156,167,125,71,23,30,71,108,96,105,129,107,161,119,99,0.2174206617150574
서울,은평구,1134,12,1580,367,1064,2018,127,169,189,144,149,182,174,86,53,32,78,108,106,107,121,125,125,103,90,0.23227848101265822
경기,남양주시,1970,24,2927,558,2228,2022,224,287,275,292,291,296,305,64,31,40,90,235,174,228,259,256,297,175,121,0.19063887939870175
서울,강동구,1151,7,1553,302,1169,2022,112,170,165,178,184,183,159,51,23,35,70,104,110,126,112,149,163,122,86,0.19446233097231166
서울,강서구,1502,11,2208,489,1546,2018,174,204,198,223,240,225,238,95,67,82,96,145,119,130,132,176,165,171,124,0.22146739130434784
울산,동구,507,6,641,190,445,2018,57,66,69,78,81,85,71,26,16,18,56,31,30,31,61,72,69,58,39,0.296411856474259
충남,서천군,256,17,401,109,288,2021,30,40,37,34,37,53,25,4,4,5,16,30,36,39,38,31,26,19,8,0.2718204488778055
충남,계룡시,54,2,87,21,65,2020,7,8,6,4,11,14,4,0,1,0,1,5,3,6,8,9,14,5,2,0.2413793103448276
부산,사상구,921,11,1226,274,801,2020,91,147,150,124,136,147,126,38,15,30,61,101,118,78,107,120,129,65,59,0.2234910277324633
충남,서천군,289,14,416,108,301,2020,30,34,42,49,39,49,46,7,5,3,19,34,46,41,39,24,26,29,16,0.25961538461538464
전남,영암군,323,14,527,80,440,2021,40,56,36,46,45,56,44,9,4,7,22,27,40,47,39,49,49,17,13,0.15180265654648956
강원,동해시,296,4,419,97,320,2020,36,50,33,42,49,44,42,6,6,7,18,33,28,42,37,43,32,25,19,0.2315035799522673
경북,포항시,2777,33,4269,839,3187,2019,328,410,400,424,412,401,402,84,75,48,136,274,298,291,318,371,435,267,180,0.19653314593581636
충남,태안군,320,17,584,224,309,2019,41,37,55,39,52,41,55,4,3,8,17,34,42,45,45,46,38,24,14,0.3835616438356164
대구,달성군,945,23,1393,269,1053,2020,95,141,135,148,153,153,120,21,12,21,51,85,84,105,112,148,154,106,46,0.19310839913854988
제주,서귀포시,1151,24,1868,472,1263,2020,127,163,182,201,171,155,152,36,24,21,58,118,123,130,191,167,141,85,57,0.25267665952890794
경북,포항시,2203,27,3300,628,2493,2022,250,305,318,339,301,367,323,64,35,41,109,208,245,262,279,303,309,212,136,0.1903030303030303
대구,북구,2137,17,2998,569,2182,2020,207,313,329,343,295,339,311,78,43,53,105,195,195,237,242,296,351,219,123,0.18979319546364243
경북,영천시,721,20,1228,262,912,2018,76,130,105,110,100,103,97,20,12,15,66,73,84,89,92,91,93,50,36,0.21335504885993486
경기,안산시,3931,35,5753,949,4487,2020,421,618,571,611,551,590,569,161,85,107,274,362,324,375,431,523,591,454,244,0.16495741352337912
서울,송파구,2607,14,3509,626,2594,2021,262,354,388,373,424,448,358,95,33,37,109,249,263,315,278,344,369,280,235,0.17839840410373325
전남,담양군,292,4,488,89,385,2021,41,28,47,50,42,39,45,4,0,2,25,35,39,37,41,55,33,11,10,0.18237704918032788
강원,화천군,88,9,141,51,87,2018,8,19,11,13,15,7,15,2,0,0,6,15,12,15,19,8,7,2,2,0.3617021276595745
강원,정선군,107,6,169,56,104,2019,17,17,15,19,14,12,13,1,0,3,10,8,10,14,14,15,14,13,5,0.33136094674556216
경기,양평군,490,15,751,175,528,2022,57,70,70,62,71,80,80,5,2,6,27,65,71,61,64,82,52,37,18,0.23302263648468707
부산,서구,452,6,627,141,446,2018,53,74,66,57,71,75,56,19,12,10,23,60,43,47,53,62,54,39,30,0.22488038277511962
전남,진도군,105,8,154,47,104,2020,8,17,15,17,11,17,20,2,1,2,5,15,19,15,16,8,14,6,2,0.3051948051948052
제주,서귀포시,1236,40,2080,514,1209,2018,147,196,177,186,189,158,183,49,21,17,62,128,135,148,146,168,171,128,63,0.24711538461538463
경북,고령군,189,11,277,99,173,2018,25,23,37,27,27,25,25,5,0,2,12,30,24,27,21,26,24,13,5,0.3574007220216607
충남,예산군,375,13,555,131,417,2020,47,61,69,56,39,44,59,12,3,6,25,48,46,48,50,50,40,31,16,0.23603603603603604
경북,성주군,277,13,396,144,251,2018,22,53,49,36,48,31,38,11,8,5,18,40,43,36,23,39,21,22,11,0.36363636363636365
경북,구미시,1693,25,2429,553,1657,2020,171,275,263,262,266,236,220,54,50,39,96,144,139,181,191,216,252,191,140,0.2276657060518732
충남,홍성군,322,12,443,149,290,2020,22,56,42,54,52,47,49,9,7,7,16,38,34,32,34,48,42,36,19,0.3363431151241535
경북,의성군,209,14,303,114,188,2021,16,40,36,29,25,41,22,0,3,1,17,16,33,29,25,32,31,14,8,0.37623762376237624
충남,태안군,322,14,502,194,267,2018,47,56,45,38,46,39,51,15,9,5,17,30,51,37,39,42,45,20,12,0.38645418326693226
경기,오산시,997,10,1418,199,1025,2022,125,123,147,187,151,136,128,26,18,32,72,106,84,98,109,126,139,103,84,0.14033850493653033
경남,김해시,2105,33,2999,987,1905,2020,231,304,291,325,323,323,308,90,48,44,117,176,189,242,214,276,333,232,144,0.32910970323441147
부산,사하구,969,5,1324,338,872,2020,102,155,136,141,155,160,120,40,20,24,75,94,87,104,119,113,136,86,71,0.2552870090634441
충북,청주시,4949,49,7938,1551,6097,2019,553,752,729,734,682,776,723,200,115,125,286,532,422,510,567,617,731,492,352,0.19538926681783825
전남,영광군,155,7,205,71,127,2021,10,19,29,25,29,24,19,0,3,3,9,19,20,28,19,20,22,5,7,0.3463414634146341
경기,평택시,3527,51,5730,993,4046,2019,381,494,570,576,471,545,490,143,68,161,277,320,298,341,350,459,512,354,244,0.17329842931937173
강원,평창군,178,4,396,84,270,2021,23,24,25,20,24,29,33,3,4,1,7,17,21,22,42,29,18,8,6,0.21212121212121213
전남,나주시,646,25,1120,186,906,2019,58,108,92,99,101,112,76,13,6,16,42,71,76,75,74,109,82,47,35,0.16607142857142856
경북,경산시,1089,23,1518,334,1140,2020,99,167,187,164,151,188,133,41,21,23,69,103,89,141,105,151,161,103,82,0.22002635046113306
전남,화순군,309,5,556,102,430,2021,32,45,48,39,55,50,40,5,1,2,21,36,44,38,36,50,51,14,11,0.18345323741007194
서울,중랑구,1447,4,1952,381,1345,2020,153,225,237,186,210,230,206,63,41,45,71,121,133,140,161,173,214,169,116,0.19518442622950818
부산,강서구,729,10,978,262,671,2020,64,117,120,111,105,119,93,24,11,15,79,75,73,85,96,97,88,52,34,0.26789366053169733
경남,거창군,274,9,359,123,228,2021,23,37,46,37,41,54,36,3,6,1,8,33,37,43,38,41,38,14,12,0.3426183844011142
인천,미추홀구,1127,17,1590,291,1129,2018,144,182,161,149,177,153,161,87,39,59,58,112,79,97,97,129,150,115,105,0.1830188679245283
대전,유성구,1961,22,3201,523,2502,2018,177,298,300,284,290,331,281,97,57,50,130,212,177,187,190,203,283,202,173,0.1633864417369572
광주,광산구,2088,15,3444,361,2896,2020,197,342,317,322,315,324,271,90,37,44,125,176,155,190,223,322,330,236,160,0.10481997677119628
울산,남구,1193,14,1586,342,1143,2021,137,165,166,201,180,185,159,52,21,30,80,107,115,121,118,142,137,143,127,0.21563682219419925
울산,울주군,660,11,1005,239,647,2022,74,97,113,95,101,100,80,22,8,15,68,73,58,76,75,101,74,50,40,0.23781094527363184
경남,거제시,820,14,1108,347,739,2020,88,114,107,120,133,144,114,28,16,11,58,62,68,89,85,102,161,85,55,0.3131768953068592
충북,보은군,149,6,224,96,121,2018,12,26,19,22,23,24,23,3,1,2,7,14,24,21,20,25,18,8,6,0.42857142857142855
충북,괴산군,239,14,426,145,265,2018,28,29,35,32,44,39,32,3,7,3,9,21,44,31,34,39,27,13,8,0.3403755868544601
전남,해남군,281,16,419,122,286,2020,32,41,42,43,38,51,34,2,4,10,20,46,40,34,38,34,27,18,8,0.2911694510739857
전남,신안군,88,11,117,49,68,2018,6,12,16,12,14,13,15,1,1,0,12,14,15,10,11,12,8,2,2,0.4188034188034188
전북,군산시,1103,25,1743,279,1415,2020,134,166,147,165,159,172,160,43,25,20,70,89,129,126,130,127,155,109,80,0.16006884681583478
전북,전주시,2082,40,3116,589,2483,2020,221,292,346,333,299,340,251,123,49,49,119,172,192,187,205,241,287,264,194,0.18902439024390244
전남,곡성군,122,7,184,49,128,2020,12,16,21,19,22,13,19,1,1,2,7,17,16,23,14,14,15,10,2,0.266304347826087
광주,서구,1700,11,2614,245,2251,2022,176,227,263,255,237,293,249,76,54,37,81,183,155,168,188,218,245,167,128,0.09372609028309105
강원,고성군,129,2,206,44,119,2020,14,16,22,12,17,24,24,1,0,1,7,17,21,13,26,18,15,7,3,0.21359223300970873
경기,파주시,1658,21,2408,506,1719,2019,183,268,258,234,229,248,238,50,31,39,99,186,146,175,180,214,251,179,108,0.2101328903654485
전남,보성군,273,13,429,129,281,2018,27,44,41,60,35,34,32,3,3,3,10,49,35,33,51,25,39,17,5,0.3006993006993007
전남,신안군,141,3,269,69,195,2019,14,20,20,20,24,20,23,4,1,2,14,16,26,16,18,16,21,6,1,0.25650557620817843
경남,양산시,1232,18,1608,355,1083,2022,160,157,185,161,183,206,180,39,30,21,72,123,115,138,156,184,168,113,73,0.22077114427860697
경북,상주시,445,23,654,178,446,2022,56,65,69,69,56,64,66,8,3,4,18,44,58,59,71,79,49,34,18,0.27217125382262997
충북,영동군,158,10,217,89,121,2020,12,26,25,26,26,28,15,3,2,3,14,18,20,21,24,25,17,8,3,0.41013824884792627
전남,보성군,180,17,270,83,183,2021,16,31,28,25,30,28,22,1,0,2,15,19,32,24,30,28,15,11,3,0.3074074074074074
경남,밀양시,478,14,683,231,421,2021,61,72,68,69,73,67,68,8,4,5,26,42,85,61,79,66,50,37,15,0.33821376281112736
서울,강서구,1829,20,2491,470,1834,2019,219,242,265,265,263,289,286,111,55,77,102,181,157,193,168,225,236,164,160,0.18867924528301888
부산,사하구,1003,3,1378,390,871,2018,102,161,124,146,157,172,141,53,32,25,82,75,89,97,103,125,137,109,76,0.2830188679245283
부산,사상구,705,12,917,242,623,2021,58,107,118,89,97,118,118,24,6,21,45,68,86,77,79,98,86,71,44,0.2639040348964013
충북,제천시,912,21,1575,319,1168,2018,115,146,143,126,129,134,119,31,20,19,44,92,96,88,112,119,134,102,55,0.20253968253968255
전북,익산시,1049,30,1527,357,1154,2018,114,177,144,159,157,151,147,37,26,26,62,113,98,108,98,140,164,114,63,0.2337917485265226
강원,동해시,356,5,523,97,420,2018,38,55,53,48,61,44,57,5,4,6,18,44,41,42,41,60,41,34,20,0.18546845124282982
강원,속초시,413,5,664,189,464,2022,69,43,47,47,52,86,69,10,5,3,6,32,54,64,67,55,61,29,27,0.28463855421686746
경남,밀양시,371,15,541,205,319,2018,47,36,66,50,58,62,52,5,6,5,20,47,61,41,55,48,38,30,15,0.3789279112754159
경북,성주군,278,13,410,112,271,2022,36,43,37,40,35,50,37,3,2,5,12,32,55,37,36,36,24,19,17,0.2731707317073171
대구,남구,902,4,1318,262,949,2019,116,141,142,137,121,135,110,44,26,17,44,79,84,104,104,118,148,80,54,0.19878603945371776
전남,무안군,395,15,617,120,493,2020,46,50,60,62,49,70,58,11,4,8,24,47,50,45,41,47,65,27,26,0.19448946515397084
대구,수성구,2136,9,3062,505,2324,2021,203,311,364,325,310,318,305,75,35,26,81,204,236,232,271,288,313,213,162,0.16492488569562377
충남,공주시,608,22,1034,247,740,2019,80,86,83,82,89,87,101,15,15,16,39,64,69,64,83,80,81,51,31,0.23887814313346228
전남,완도군,153,9,228,42,184,2022,13,21,21,34,21,24,19,2,0,0,10,20,20,18,23,25,10,14,11,0.18421052631578946
충남,태안군,270,14,411,125,270,2021,42,27,51,37,31,40,42,7,4,5,7,27,38,40,41,42,30,21,8,0.30413625304136255
경기,김포시,1775,18,2669,503,2062,2021,171,294,247,277,271,275,240,39,19,27,88,163,184,209,224,269,255,184,114,0.18846009741476208
경북,고령군,177,9,247,76,165,2021,13,25,25,27,32,28,27,4,2,2,13,23,25,23,27,24,15,10,9,0.3076923076923077
부산,기장군,505,10,806,164,589,2019,63,80,83,68,69,76,66,10,12,11,26,48,46,51,83,79,61,49,29,0.20347394540942929
인천,부평구,1278,16,1709,326,1336,2019,158,171,189,173,191,184,212,63,45,51,60,119,110,127,137,153,168,144,101,0.19075482738443533
경북,김천시,683,17,952,278,659,2019,78,101,99,91,102,107,105,12,9,10,41,81,87,71,83,109,89,57,34,0.2920168067226891
경남,창원시(통합),3245,62,4524,1327,3013,2019,327,493,469,480,479,509,488,153,77,72,223,336,310,350,365,390,450,305,214,0.2933244916003537
전남,화순군,299,11,574,103,409,2018,37,41,51,44,45,40,41,5,4,3,23,31,41,41,39,37,41,24,10,0.1794425087108014
울산,중구,624,8,849,224,565,2021,63,85,103,98,82,106,87,17,9,14,28,60,62,62,78,77,101,72,44,0.26383981154299174
부산,서구,474,2,684,179,443,2019,58,80,71,56,65,86,58,22,16,16,27,52,50,57,49,59,47,46,33,0.26169590643274854
서울,구로구,1532,13,2129,452,1536,2018,166,230,236,220,237,237,206,99,53,71,90,132,124,133,169,189,180,159,133,0.21230624706434947
광주,동구,509,3,767,110,628,2018,52,86,78,65,81,84,63,38,17,9,23,52,43,59,59,59,54,60,36,0.14341590612777053
충남,서산시,839,26,1268,499,687,2019,110,126,128,118,125,116,116,40,29,24,62,76,82,78,81,113,113,75,66,0.39353312302839116
전북,장수군,73,4,96,53,43,2020,7,19,14,6,8,11,8,1,1,1,1,14,4,9,20,9,3,6,4,0.5520833333333334
서울,중구,1184,5,1615,365,1083,2019,102,183,180,199,169,211,140,65,35,43,53,101,122,146,157,140,124,113,85,0.2260061919504644
울산,남구,1272,11,1744,426,1195,2020,135,184,198,178,181,220,176,70,56,27,82,106,131,116,131,166,152,121,114,0.24426605504587157
전남,장흥군,241,3,400,76,297,2022,27,30,33,47,37,32,35,2,1,2,8,44,48,32,41,27,22,11,3,0.19
서울,구로구,1350,9,1729,317,1316,2021,142,204,198,227,189,215,175,29,22,43,54,127,129,147,138,177,226,166,92,0.18334297281665704
충남,천안시,3086,51,4595,709,3610,2020,383,423,447,449,458,487,439,162,71,75,182,280,275,311,321,376,433,350,250,0.1542981501632209
서울,광진구,869,4,1145,230,857,2020,94,121,122,148,136,138,110,69,33,30,38,94,78,70,84,84,116,95,78,0.20087336244541484
대전,중구,1225,11,1781,303,1420,2020,139,168,161,179,207,205,166,56,21,28,50,136,127,117,146,158,177,123,86,0.17012914093206064
경남,함안군,327,17,494,147,327,2019,36,45,53,53,44,45,51,6,5,6,24,47,30,43,48,44,43,22,9,0.2975708502024291
전남,나주시,493,17,809,158,624,2020,62,73,69,63,75,86,65,14,8,8,39,55,69,58,61,72,54,35,20,0.19530284301606923
전북,무주군,128,12,203,69,134,2018,14,19,26,14,13,21,21,3,0,1,8,22,12,23,9,23,12,11,4,0.3399014778325123
경북,의성군,241,20,334,158,176,2019,27,36,28,36,33,46,35,5,3,3,12,32,42,39,25,35,27,12,6,0.47305389221556887
강원,영월군,136,2,227,91,113,2021,16,23,16,23,23,13,22,3,1,1,9,19,20,19,23,13,21,3,4,0.4008810572687225
충북,단양군,157,10,279,89,159,2019,20,20,23,24,23,24,23,5,0,0,7,15,17,28,28,20,18,10,9,0.31899641577060933
충북,옥천군,228,11,340,121,215,2018,33,26,31,34,27,42,35,3,5,4,16,36,25,23,28,34,27,19,8,0.3558823529411765
대구,달서구,2558,15,3535,619,2775,2022,254,394,379,392,394,405,340,98,37,39,132,273,244,266,269,345,398,275,182,0.1751060820367751
충남,홍성군,341,21,474,145,321,2019,38,50,51,58,48,45,51,12,5,7,22,40,39,26,37,34,63,40,16,0.3059071729957806
경북,경주시,1206,35,1810,503,1218,2022,160,157,162,167,152,207,201,31,14,18,76,123,142,160,162,164,169,91,56,0.27790055248618784
제주,제주시,2790,39,4122,667,2964,2022,329,416,400,425,386,456,378,85,43,39,130,290,287,355,360,380,387,259,175,0.16181465308102863
대구,남구,643,3,898,134,705,2022,64,103,109,84,94,91,98,25,14,13,23,54,63,82,80,100,75,80,34,0.1492204899777283
충북,진천군,491,16,703,155,528,2021,60,74,76,75,71,83,52,11,5,10,42,47,46,60,41,85,68,56,20,0.22048364153627312
광주,동구,571,6,831,100,688,2022,61,77,105,79,74,96,79,26,9,15,20,74,66,64,74,60,63,60,40,0.12033694344163658
인천,연수구,644,5,870,158,694,2022,58,90,106,84,90,113,103,23,17,14,34,67,51,51,78,76,85,76,72,0.18160919540229886
강원,정선군,101,3,156,50,98,2020,12,16,14,9,19,15,16,2,1,2,5,10,19,17,11,10,13,8,3,0.32051282051282054
전남,곡성군,110,7,193,66,121,2021,12,16,20,9,19,18,16,1,1,4,8,19,20,17,11,15,6,7,1,0.34196891191709844
전북,전주시,2151,39,3070,569,2469,2021,236,312,306,338,304,346,309,82,29,46,99,208,188,210,232,310,319,240,188,0.18534201954397395
서울,도봉구,522,2,705,172,471,2022,76,74,67,86,62,81,76,23,13,18,18,48,41,55,66,63,68,70,39,0.24397163120567375
서울,영등포구,2439,11,3451,606,2532,2019,288,355,356,342,332,400,366,134,91,83,106,243,223,264,281,275,304,221,214,0.1756012749927557
경남,창녕군,336,14,502,180,288,2018,40,50,39,49,50,62,46,6,3,6,25,41,45,46,36,52,34,23,19,0.35856573705179284
경북,청도군,221,15,361,110,242,2018,39,41,24,36,22,27,32,2,0,8,15,26,34,18,37,29,27,17,8,0.3047091412742382
서울,종로구,1134,6,1546,320,1039,2018,104,170,168,165,164,176,187,76,40,43,64,94,108,111,118,105,131,115,129,0.2069857697283312
전남,신안군,97,8,171,46,122,2022,8,14,18,13,15,9,20,3,1,4,2,17,16,13,12,14,10,2,3,0.26900584795321636
경남,거창군,250,15,320,119,183,2019,32,36,44,23,29,39,47,9,5,4,10,38,28,30,35,35,32,15,9,0.371875
울산,중구,603,4,880,181,649,2022,80,80,90,93,71,86,103,21,5,8,35,58,55,64,67,95,97,55,43,0.2056818181818182
전남,고흥군,255,9,380,141,213,2022,29,40,35,34,39,45,33,0,0,6,18,38,41,33,42,38,23,13,3,0.37105263157894736
전북,순창군,110,6,158,37,87,2021,13,12,20,18,19,19,9,3,1,2,7,21,9,21,16,10,10,5,5,0.23417721518987342
광주,북구,2430,15,3801,448,3190,2019,251,353,368,358,351,386,363,102,64,67,112,263,218,217,278,293,348,277,191,0.11786372007366483
경북,포항시,2537,27,3887,693,3003,2020,254,400,358,391,382,397,355,83,62,53,166,227,251,255,319,373,351,234,163,0.17828659634679703
서울,서초구,2478,18,3640,693,2625,2018,231,368,334,341,405,426,373,131,98,106,142,240,262,251,226,279,289,216,238,0.19038461538461537
울산,동구,628,1,817,211,588,2019,75,84,91,94,115,93,76,25,14,6,84,46,48,51,54,90,108,64,38,0.2582619339045288
경기,성남시,3398,27,4751,829,3509,2021,338,488,522,534,480,534,502,89,41,69,175,303,342,370,383,431,544,359,292,0.17448958114081245
경북,영주시,537,10,760,251,464,2018,47,87,79,74,78,93,79,9,5,13,32,63,51,64,59,69,85,63,24,0.33026315789473687
전북,완주군,194,15,281,105,171,2021,16,27,37,23,31,26,34,12,2,6,14,17,12,11,22,34,29,22,13,0.3736654804270463
경남,합천군,168,9,221,97,107,2018,19,19,22,31,27,30,20,1,1,2,5,27,26,16,21,34,18,9,8,0.43891402714932126
경북,상주시,544,38,782,255,522,2020,57,82,85,73,93,84,70,8,6,11,22,67,77,58,81,89,75,32,18,0.32608695652173914
경북,상주시,492,30,701,231,463,2021,58,77,79,60,73,84,61,10,7,4,26,66,81,70,59,73,54,25,17,0.32952924393723254
부산,서구,488,4,670,158,440,2020,54,69,70,66,74,77,78,11,12,10,34,45,61,68,49,56,65,53,24,0.23582089552238805
경북,울릉군,22,1,33,14,18,2018,3,3,3,0,4,4,5,0,0,0,1,2,5,1,4,3,3,3,0,0.42424242424242425
경기,여주시,558,15,940,172,719,2022,75,81,91,67,66,88,90,11,8,11,30,57,77,74,81,80,62,50,17,0.1829787234042553
충남,보령시,479,16,704,290,401,2019,47,65,70,64,66,87,80,17,11,10,24,52,59,59,50,57,70,41,29,0.4119318181818182
전북,남원시,291,12,375,137,233,2021,37,55,41,44,34,33,47,6,1,7,18,36,45,36,33,43,46,17,3,0.36533333333333334
서울,중랑구,1401,10,1890,383,1340,2022,148,192,203,193,222,236,207,61,22,38,57,122,128,154,160,191,218,158,92,0.20264550264550266
전남,완도군,167,13,233,78,154,2018,16,21,28,24,21,32,25,5,0,4,11,24,30,18,18,21,16,10,10,0.33476394849785407
경북,영천시,717,21,1189,183,975,2020,77,97,106,114,102,116,105,23,6,14,35,70,83,95,82,111,111,58,29,0.15391084945332212
경남,진주시,842,28,1082,496,556,2019,113,120,121,125,117,116,130,41,22,22,41,76,87,73,69,106,133,103,69,0.4584103512014787
강원,평창군,154,5,239,72,161,2020,26,24,18,21,20,24,21,5,1,2,9,15,21,24,27,25,20,3,2,0.301255230125523
부산,영도구,332,4,441,127,290,2020,37,54,51,48,48,56,38,17,3,6,16,24,45,36,38,46,48,25,28,0.28798185941043086
경남,고성군,243,21,352,150,199,2018,27,29,33,48,34,43,29,3,2,6,21,29,30,31,28,27,39,17,10,0.42613636363636365
충남,청양군,191,10,271,98,171,2019,18,37,23,23,28,32,30,2,2,7,15,19,25,25,30,17,25,14,10,0.36162361623616235
서울,노원구,1569,14,2227,415,1632,2018,175,224,239,223,249,232,227,106,55,75,91,141,139,154,150,192,181,166,119,0.1863493488998653
부산,해운대구,968,9,1350,277,970,2021,89,157,137,139,124,179,143,41,16,15,49,82,101,118,123,118,129,94,82,0.2051851851851852
인천,미추홀구,1229,17,1641,313,1167,2019,169,161,169,175,170,214,171,83,56,48,56,122,105,116,126,157,141,118,101,0.1907373552711761
경남,거제시,698,14,933,268,613,2022,76,97,94,118,100,121,92,20,7,16,58,62,77,79,74,107,86,62,50,0.2872454448017149
경기,의왕시,444,5,726,170,504,2018,41,58,71,57,71,69,77,31,10,15,25,49,38,40,38,60,60,48,30,0.23415977961432508
강원,횡성군,223,7,375,107,242,2020,33,25,32,34,26,40,33,1,1,6,14,22,34,29,37,39,23,12,5,0.2853333333333333
경남,사천시,624,11,969,276,611,2020,64,91,88,87,92,96,106,11,5,23,47,52,73,76,67,89,92,49,40,0.2848297213622291
충남,보령시,331,20,486,165,306,2022,32,67,48,46,53,39,46,4,1,8,24,34,49,33,51,51,36,24,16,0.3395061728395062
전남,곡성군,102,6,161,45,106,2022,7,12,20,12,13,22,16,0,1,1,4,11,17,21,17,14,11,5,0,0.2795031055900621
울산,중구,769,10,1080,251,704,2018,94,122,121,96,105,111,120,32,18,26,55,56,61,82,86,95,117,74,67,0.2324074074074074
경남,함안군,273,25,383,135,232,2018,30,39,39,42,43,41,39,3,3,5,22,30,32,30,28,40,34,35,11,0.3524804177545692
광주,광산구,2204,15,3439,390,2877,2021,244,294,331,343,341,361,290,81,30,32,141,206,201,218,254,321,307,241,172,0.11340505961035184
부산,북구,566,7,747,164,536,2021,71,90,66,89,77,95,78,13,5,11,24,38,62,82,65,68,89,63,46,0.21954484605087016
충남,공주시,630,24,1092,311,711,2018,72,91,82,77,94,100,114,19,9,17,30,70,71,70,85,95,94,35,35,0.2847985347985348
강원,고성군,135,12,197,44,143,2018,13,26,25,14,18,15,24,1,2,4,7,14,16,15,16,26,17,13,4,0.2233502538071066
경기,여주시,592,17,983,206,709,2019,79,88,79,84,79,82,101,17,9,10,33,58,67,81,74,75,86,56,26,0.20956256358087488
전북,고창군,147,10,238,72,163,2020,15,25,27,22,19,19,20,3,3,4,9,22,23,17,12,27,11,10,6,0.3025210084033613
경남,거제시,856,11,1171,371,789,2018,110,107,128,119,127,151,114,36,15,18,72,83,77,79,91,125,116,88,56,0.31682322801024765
전북,장수군,56,2,128,45,83,2018,9,10,4,6,5,17,5,0,0,4,5,4,8,5,12,7,6,4,1,0.3515625
경기,수원시,4997,39,7148,1433,5124,2018,586,698,706,762,766,730,749,286,164,180,269,505,401,435,500,578,679,525,475,0.20047565752658086
전남,영암군,488,24,863,182,672,2018,48,88,66,67,73,79,67,4,6,14,51,67,62,64,53,60,62,35,10,0.21089223638470453
서울,서초구,2250,9,3075,441,2397,2020,213,310,327,356,348,407,289,109,54,45,98,191,232,239,280,307,302,212,181,0.14341463414634145
경북,영주시,419,11,550,183,347,2020,44,74,74,61,54,60,52,7,5,6,12,35,37,68,65,72,59,32,21,0.3327272727272727
전북,익산시,1396,34,2007,398,1579,2019,143,232,208,171,207,222,213,37,28,28,101,140,142,173,151,187,190,135,84,0.1983059292476333
경남,산청군,151,8,237,70,151,2022,21,17,18,28,18,20,29,3,0,1,6,13,23,29,21,20,23,7,5,0.29535864978902954
경기,안산시,3685,22,5388,855,4181,2022,386,537,534,549,552,587,540,138,71,99,272,375,305,356,364,502,574,389,240,0.15868596881959912
전남,신안군,105,10,177,49,124,2020,10,15,9,15,25,19,12,2,1,3,12,11,16,14,15,13,8,7,3,0.2768361581920904
경기,구리시,668,11,966,202,714,2018,69,101,109,93,97,103,96,24,22,29,44,72,93,67,62,61,78,68,48,0.20910973084886128
전북,임실군,93,3,163,40,123,2018,10,20,16,12,10,14,11,0,0,2,5,16,18,19,9,9,8,6,1,0.24539877300613497
충북,괴산군,181,6,314,79,223,2021,21,28,17,29,32,27,27,2,2,3,8,15,34,25,28,18,29,13,4,0.2515923566878981
충남,부여군,193,13,264,121,143,2021,23,29,25,18,30,32,36,5,4,5,14,15,29,34,23,34,20,5,5,0.4583333333333333
서울,노원구,1384,6,1913,311,1462,2022,155,186,197,210,215,219,202,55,33,27,72,148,140,171,136,184,160,154,104,0.16257187663355985
서울,도봉구,824,6,1061,281,659,2018,97,104,124,131,133,137,98,30,30,25,42,84,69,71,90,120,125,72,66,0.2648444863336475
경기,가평군,400,3,675,103,538,2022,68,56,45,50,43,52,86,8,2,2,21,42,62,64,68,52,42,24,13,0.15259259259259259
울산,남구,1254,23,1757,503,1176,2018,135,164,204,186,173,201,191,93,50,49,90,123,101,109,91,143,143,126,136,0.28628343767785996
대구,북구,2358,25,3414,793,2313,2018,238,369,354,349,299,388,361,104,64,80,142,253,192,182,245,316,366,240,174,0.2322788517867604
충북,음성군,537,12,820,219,579,2022,62,100,77,89,64,75,70,11,10,11,39,63,49,54,57,82,82,58,21,0.26707317073170733
경북,문경시,279,6,442,100,310,2022,31,44,38,27,43,47,49,6,5,4,16,28,37,43,38,43,25,22,12,0.22624434389140272
서울,영등포구,2493,22,3532,620,2596,2018,260,353,347,364,368,426,375,163,101,97,134,260,213,212,229,270,322,237,255,0.1755379388448471
부산,수영구,666,5,875,204,612,2020,86,92,105,96,106,85,96,45,16,22,20,62,60,71,78,94,79,62,57,0.23314285714285715
세종,세종시,932,17,1330,234,744,2022,90,115,136,165,152,156,118,26,14,22,53,124,71,94,95,140,148,84,61,0.17593984962406015
강원,양양군,155,8,279,74,197,2018,25,15,29,21,18,21,26,5,2,1,6,15,18,20,25,16,28,10,9,0.26523297491039427
서울,동대문구,1534,12,1843,367,1308,2022,179,226,214,231,245,227,212,61,28,26,79,169,184,170,176,215,189,144,93,0.19913185024416713
경남,창녕군,263,2,380,146,213,2021,37,36,41,36,37,35,41,5,2,4,16,28,32,39,43,29,32,21,12,0.38421052631578945
충남,당진시,529,20,762,145,597,2022,73,68,76,79,81,79,73,17,5,8,29,47,54,46,72,89,76,59,27,0.19028871391076116
경기,구리시,751,6,1103,194,818,2019,78,102,110,121,110,112,118,42,25,27,32,80,83,89,92,86,85,56,54,0.17588395285584768
충남,청양군,185,6,276,103,168,2022,16,21,30,31,31,22,34,2,1,2,9,26,30,31,27,19,26,10,2,0.37318840579710144
전남,무안군,280,11,397,70,321,2022,33,47,30,45,33,56,36,8,2,2,21,24,36,37,32,39,38,32,9,0.17632241813602015
충북,음성군,606,20,952,241,702,2020,61,105,87,99,81,85,88,14,14,7,46,57,48,72,75,78,82,64,49,0.25315126050420167
경북,봉화군,136,9,196,56,120,2020,20,21,15,20,19,20,21,2,1,1,13,16,28,23,15,16,10,8,3,0.2857142857142857
경기,포천시,887,15,1475,327,962,2019,117,132,131,128,121,132,126,41,14,15,52,94,97,99,120,112,135,67,41,0.2216949152542373
경남,의령군,142,7,188,68,106,2021,16,20,23,17,30,21,15,0,4,2,6,12,20,24,19,24,18,8,5,0.3617021276595745
경기,과천시,187,6,290,62,211,2020,14,43,16,38,29,22,25,5,6,9,18,23,17,13,20,25,22,16,13,0.21379310344827587
대구,중구,720,3,1025,180,676,2022,80,88,100,104,86,120,142,48,28,26,23,50,62,69,104,87,87,79,57,0.17560975609756097
울산,동구,467,2,610,151,456,2021,50,72,78,64,76,71,56,20,6,10,37,27,35,48,55,74,76,50,29,0.24754098360655738
광주,동구,604,6,933,137,765,2019,66,94,93,82,88,100,81,34,21,10,27,65,81,69,61,69,78,51,38,0.14683815648445875
강원,원주시,1718,20,2620,473,2053,2021,198,253,252,234,270,297,214,68,28,34,71,212,178,189,213,240,265,138,82,0.18053435114503816
전남,무안군,462,14,676,100,571,2021,37,78,68,71,68,74,66,7,3,9,24,55,61,44,64,68,81,30,16,0.14792899408284024
전남,나주시,403,9,638,143,468,2022,33,55,63,55,69,68,60,5,4,9,26,46,46,37,44,63,64,42,17,0.22413793103448276
경기,연천군,178,8,283,56,217,2022,22,36,16,25,28,27,24,6,0,1,4,18,30,18,28,23,19,27,4,0.1978798586572438
충남,천안시,3137,42,4653,793,3640,2019,345,449,482,428,440,528,465,144,91,84,189,298,276,337,333,352,474,304,255,0.17042768106597894
경남,함양군,201,7,300,114,144,2019,25,45,26,26,31,25,23,2,1,1,5,31,35,22,34,31,19,13,7,0.38
대구,중구,621,6,906,144,608,2021,71,101,72,83,92,97,105,37,21,22,20,40,54,69,90,88,87,50,43,0.15894039735099338
경북,봉화군,149,5,239,54,154,2019,14,27,24,24,20,19,21,1,2,4,6,20,17,23,26,21,17,6,6,0.22594142259414227
경남,합천군,216,12,295,139,134,2020,17,31,34,33,32,43,26,6,1,4,15,24,36,26,38,31,18,11,6,0.4711864406779661
인천,중구,486,7,757,159,563,2020,60,71,65,81,59,90,60,22,6,17,36,36,51,34,82,64,64,44,30,0.21003963011889035
경기,여주시,507,16,859,183,639,2020,73,75,68,63,77,73,78,8,6,13,23,44,58,62,71,76,80,48,18,0.21303841676367868
전북,고창군,134,9,214,67,147,2021,19,22,20,16,28,11,18,0,2,0,13,17,15,14,19,20,20,9,5,0.3130841121495327
대전,동구,1046,10,1496,268,1214,2021,116,165,147,139,130,178,171,36,10,18,44,89,105,127,128,158,161,114,56,0.17914438502673796
경기,남양주시,2431,41,3903,707,2843,2018,277,346,352,355,345,384,372,103,51,55,123,278,266,232,267,328,324,229,175,0.1811427107353318
경기,고양시,3916,39,5794,1096,4126,2019,442,548,608,551,580,604,583,172,107,89,207,436,358,391,416,495,570,355,320,0.18916120124266483
대구,수성구,2005,8,2891,457,2178,2022,188,289,282,283,284,337,342,69,43,37,80,225,217,227,245,279,269,193,121,0.15807679003804911
대구,달서구,3110,13,4629,883,3430,2018,337,460,449,480,419,512,453,156,83,80,186,294,258,272,303,415,501,347,215,0.1907539425361849
충남,아산시,1083,36,1521,401,1059,2019,133,148,151,179,168,152,152,51,21,24,75,122,77,93,119,139,156,115,91,0.26364234056541747
경북,영양군,47,3,66,18,43,2022,4,4,7,4,13,5,10,0,0,0,2,5,9,4,8,7,8,3,1,0.2727272727272727
부산,남구,705,4,898,203,637,2021,69,116,103,115,104,96,102,17,11,13,37,60,60,90,89,95,105,71,57,0.22605790645879734
강원,철원군,145,5,240,97,141,2018,13,19,23,13,17,35,25,3,1,3,9,11,21,16,22,16,19,15,9,0.4041666666666667
경기,용인시,3262,35,5066,793,3653,2020,313,507,476,460,498,518,490,125,63,93,198,332,297,360,385,423,446,326,214,0.15653375444137385
서울,광진구,1108,10,1474,343,1046,2018,143,144,159,158,156,182,166,104,51,34,64,107,89,104,98,107,103,124,123,0.2327001356852103
경북,울진군,127,8,170,74,93,2020,15,13,25,12,23,19,20,4,3,1,6,12,20,20,17,12,14,9,9,0.43529411764705883
경북,칠곡군,713,20,1116,219,767,2021,77,102,88,105,98,119,124,24,11,13,43,87,67,83,82,103,107,57,36,0.19623655913978494
대구,달성군,837,10,1202,248,915,2022,110,106,138,125,141,108,109,22,9,11,53,92,79,100,119,118,129,69,36,0.20632279534109818
경기,수원시,4480,29,6459,1015,4898,2020,453,725,658,685,638,683,638,221,107,148,244,407,390,454,453,535,693,468,360,0.15714506889611396
서울,성동구,1143,9,1561,326,1126,2018,120,158,166,165,177,188,169,71,54,57,66,109,103,96,119,122,129,112,105,0.2088404868673927
부산,동래구,1103,6,1482,337,1011,2019,126,151,161,197,135,164,169,48,31,31,60,111,100,123,117,143,141,112,86,0.22739541160593793
전남,순천시,1325,32,2052,443,1562,2018,150,201,201,149,222,202,200,56,27,28,64,150,118,137,132,193,193,125,102,0.2158869395711501
경북,경주시,1626,45,2529,751,1655,2018,227,210,236,242,221,261,229,52,20,21,90,177,157,189,230,224,222,147,97,0.2969553183076315
충남,예산군,326,23,442,116,306,2021,35,49,41,51,53,52,45,10,3,1,23,41,31,39,50,51,35,31,11,0.26244343891402716
경기,과천시,239,1,385,84,243,2018,29,30,33,40,41,35,31,9,5,13,15,38,22,20,28,26,31,17,15,0.21818181818181817
강원,삼척시,414,16,642,158,474,2019,32,59,54,78,56,60,75,9,0,11,24,62,61,60,50,50,59,16,12,0.24610591900311526
경기,안성시,1026,19,1740,396,1218,2018,109,159,136,156,146,164,156,42,19,20,60,131,113,117,110,129,132,92,61,0.22758620689655173
경기,동두천시,273,5,376,54,307,2022,26,44,40,39,40,48,36,11,7,5,19,21,34,33,32,28,40,28,15,0.14361702127659576
부산,북구,447,4,605,131,442,2022,50,67,65,56,65,68,76,13,8,11,23,41,41,46,55,61,73,46,29,0.21652892561983472
전남,신안군,105,8,170,39,127,2021,10,20,17,13,15,15,15,3,2,3,6,15,18,13,21,11,9,2,2,0.22941176470588234
부산,연제구,744,8,977,243,642,2020,77,119,114,125,99,115,95,32,19,19,28,78,88,96,81,87,95,73,48,0.24872057318321392
경북,구미시,2027,30,2989,716,1989,2019,249,280,300,270,323,326,279,93,53,46,119,222,159,190,224,250,303,212,156,0.23954499832719972
경북,포항시,2762,53,4150,907,3116,2018,279,456,367,381,411,471,397,112,56,65,178,279,244,297,333,349,406,235,208,0.21855421686746987
대구,수성구,2135,11,3139,518,2382,2020,205,317,323,323,336,342,289,97,73,45,78,186,210,252,270,266,295,200,163,0.16502070723160242
전남,영암군,493,11,899,180,698,2019,52,73,80,68,78,76,66,10,12,9,46,70,62,43,54,60,69,38,20,0.20022246941045607
충남,예산군,397,17,580,158,413,2019,52,65,41,58,60,67,54,13,2,3,22,50,48,54,48,63,44,32,18,0.27241379310344827
강원,양양군,156,8,289,53,226,2022,22,23,26,20,23,19,23,5,1,2,7,21,23,29,21,20,12,9,6,0.18339100346020762
충북,옥천군,236,7,343,131,198,2019,26,34,38,30,39,33,36,3,5,4,10,28,33,24,35,28,32,19,15,0.3819241982507289
경기,시흥시,2434,29,3652,704,2731,2018,263,365,323,359,382,355,387,119,58,82,177,262,204,231,239,295,334,229,204,0.1927710843373494
전남,구례군,113,2,168,40,123,2022,10,19,20,11,15,22,16,1,1,1,4,23,15,17,17,12,13,6,3,0.23809523809523808
경북,영주시,472,15,624,204,396,2021,49,74,69,70,57,72,81,11,3,8,19,63,52,63,56,74,68,37,18,0.3269230769230769
강원,춘천시,1558,18,2420,390,1910,2018,152,250,215,223,223,265,230,56,28,20,72,181,156,203,184,208,217,142,91,0.16115702479338842
인천,미추홀구,1250,15,1670,240,1331,2022,141,173,166,193,179,211,187,66,40,34,61,106,108,95,124,181,185,148,102,0.1437125748502994
경남,함양군,196,11,280,112,132,2022,15,33,28,25,32,36,27,0,1,2,10,25,30,23,34,36,20,14,1,0.4
전남,구례군,111,8,159,47,104,2020,15,14,12,16,15,20,19,1,1,3,6,13,16,20,19,12,11,9,0,0.29559748427672955
부산,기장군,433,8,670,166,470,2018,40,64,52,65,73,76,63,15,7,9,24,48,46,46,43,57,64,47,27,0.24776119402985075
광주,서구,1829,6,2758,252,2412,2021,187,268,274,254,292,307,247,67,27,38,79,177,166,185,214,249,277,179,171,0.09137055837563451
경기,양주시,1027,14,1520,267,1161,2020,107,167,165,138,143,171,136,29,10,26,46,129,105,117,125,140,138,109,53,0.1756578947368421
인천,연수구,670,10,955,187,738,2019,77,76,98,97,99,117,106,39,18,20,35,65,56,59,65,76,98,86,53,0.19581151832460733
부산,북구,701,10,973,260,647,2019,73,101,110,117,99,102,99,26,21,19,35,71,71,69,61,87,120,67,54,0.2672147995889003
대구,서구,942,6,1313,217,1002,2022,79,141,140,137,153,158,134,30,12,23,61,104,77,106,108,156,139,74,52,0.16527037319116528
부산,동구,539,4,802,175,579,2022,62,77,83,87,73,86,71,21,8,13,20,67,64,70,72,68,62,40,34,0.21820448877805487
경기,안산시,3878,42,5909,1152,4427,2018,424,571,534,581,577,625,566,188,87,132,269,363,300,327,380,462,594,448,328,0.1949568454899306
충북,괴산군,190,10,297,115,166,2019,25,28,31,29,31,19,27,3,3,2,12,20,16,34,26,39,21,10,4,0.3872053872053872
충북,영동군,218,9,334,144,181,2019,23,40,37,26,22,43,27,6,1,4,14,29,33,31,16,32,30,16,6,0.4311377245508982
서울,양천구,1165,8,1529,263,1167,2022,108,161,171,172,196,168,189,51,29,35,56,117,99,138,128,145,160,122,85,0.17200784826684107
강원,인제군,101,10,178,75,101,2018,18,16,15,13,9,12,18,2,1,1,5,7,15,12,13,15,14,9,7,0.42134831460674155
부산,기장군,475,10,728,135,552,2022,68,57,61,65,51,90,83,25,5,8,30,42,45,69,66,56,67,37,25,0.18543956043956045
인천,옹진군,26,3,41,9,31,2022,2,2,4,5,2,6,5,0,0,1,0,3,6,1,5,4,4,2,0,0.21951219512195122
전북,익산시,826,25,1185,252,917,2022,81,120,148,111,124,131,111,26,12,11,58,92,90,101,93,109,111,71,52,0.21265822784810126
경북,군위군,93,4,165,50,113,2022,8,12,22,8,10,20,13,2,3,2,3,11,17,10,14,11,9,6,5,0.30303030303030304
경기,파주시,1693,22,2585,584,1829,2018,177,254,228,267,270,256,241,63,39,35,112,197,149,173,189,214,258,161,103,0.22591876208897485
전남,곡성군,153,9,271,89,171,2019,15,32,17,24,9,27,29,3,1,2,9,22,23,18,20,23,19,8,5,0.3284132841328413
경남,산청군,173,2,297,122,146,2019,37,10,26,24,27,18,31,1,3,4,5,26,23,28,30,23,24,5,1,0.4107744107744108
인천,옹진군,35,2,64,11,48,2020,7,6,2,3,2,6,9,0,1,1,4,3,5,4,4,3,5,3,2,0.171875
제주,제주시,3139,40,4766,815,3370,2019,388,436,473,464,458,477,443,117,62,72,175,379,328,342,377,387,452,266,182,0.17100293747377254
서울,노원구,1413,8,1940,352,1422,2021,154,225,200,217,185,215,217,34,20,33,63,139,153,155,167,191,186,159,113,0.18144329896907216
경북,영천시,740,12,1222,173,986,2021,65,134,110,119,114,109,89,11,8,12,41,94,90,93,102,118,97,47,27,0.14157119476268412
대전,대덕구,752,12,1048,152,848,2020,79,132,112,104,120,115,90,23,16,24,60,81,70,75,84,95,111,69,44,0.1450381679389313
강원,양구군,88,2,156,64,86,2019,12,8,15,11,13,18,11,0,1,5,5,12,8,9,13,19,10,3,3,0.41025641025641024
울산,북구,667,14,1039,220,739,2020,69,98,115,101,111,96,77,37,16,19,63,52,68,50,91,73,83,59,56,0.21174205967276227
전북,완주군,268,18,424,150,265,2018,32,37,52,34,36,43,34,7,3,7,15,21,22,23,31,45,41,29,24,0.35377358490566035
경북,울릉군,15,0,23,10,13,2022,1,4,2,3,2,0,3,0,0,0,0,0,0,6,3,4,1,1,0,0.43478260869565216
경기,구리시,737,9,1074,176,864,2021,65,111,106,102,110,137,106,15,7,21,43,90,95,74,82,112,88,53,57,0.16387337057728119
서울,구로구,1325,10,1810,353,1357,2020,136,200,200,187,223,206,173,80,59,45,73,127,122,123,129,157,165,131,114,0.19502762430939227
대전,동구,1430,14,2162,332,1782,2019,160,223,219,224,175,213,216,52,28,31,70,150,141,144,185,184,217,128,100,0.15356151711378355
서울,금천구,827,16,1167,205,876,2021,93,101,123,122,133,142,113,30,14,25,39,63,85,95,87,81,140,97,71,0.17566409597257926
전북,부안군,281,11,449,136,310,2018,40,33,37,53,38,37,43,5,4,9,17,33,35,42,47,37,28,13,11,0.3028953229398664
경기,오산시,962,10,1409,355,923,2018,102,139,145,143,127,167,139,56,37,22,70,94,86,88,83,110,135,101,80,0.25195173882185945
강원,정선군,125,8,215,77,133,2018,15,21,20,16,16,21,16,1,4,4,8,15,14,13,18,20,13,10,5,0.3581395348837209
강원,원주시,1905,20,3040,619,2258,2018,208,273,313,281,272,279,279,83,43,40,92,233,179,180,182,273,290,157,153,0.2036184210526316
부산,해운대구,1018,12,1452,371,951,2018,147,133,140,148,136,161,153,55,33,28,41,94,99,96,123,122,140,105,82,0.25550964187327824
경북,경산시,1239,22,1683,396,1215,2019,135,200,173,189,202,186,154,45,32,30,72,133,107,135,140,141,194,126,84,0.23529411764705882
서울,영등포구,1998,20,2707,424,2068,2022,212,261,311,262,304,323,325,81,53,48,113,197,188,225,226,231,253,194,189,0.15663095677872182
광주,광산구,2129,15,3531,392,2973,2019,208,317,305,316,306,379,298,98,55,43,117,213,201,196,208,273,305,239,181,0.11101670914755027
경북,청송군,74,9,90,41,49,2021,5,10,15,9,8,9,18,1,1,1,4,10,10,9,10,11,9,6,2,0.45555555555555555
서울,서대문구,974,5,1303,211,911,2022,97,130,139,143,157,158,150,36,15,25,42,123,104,99,112,108,142,86,82,0.16193399846508058
경기,안산시,3821,20,5525,929,4310,2021,419,550,598,572,577,576,529,82,43,94,257,385,326,377,429,494,609,422,303,0.1681447963800905
충북,단양군,145,5,233,50,173,2020,17,19,31,14,14,23,27,2,3,2,13,12,15,23,22,20,20,8,5,0.2145922746781116
전남,구례군,142,7,228,62,152,2019,13,17,27,18,23,31,13,1,0,0,6,11,26,27,26,25,11,8,1,0.2719298245614035
충북,진천군,516,11,840,177,623,2019,42,78,84,79,76,94,63,15,6,9,39,60,53,68,56,64,81,42,23,0.21071428571428572
경북,문경시,289,9,434,110,302,2021,31,33,38,56,47,48,36,8,5,2,7,39,43,41,33,39,44,14,14,0.2534562211981567
서울,강동구,1268,7,1600,377,1124,2020,122,212,199,188,185,181,181,52,29,40,57,105,116,136,167,173,180,117,96,0.235625
충북,옥천군,160,5,223,76,142,2020,11,24,22,23,28,27,25,2,1,1,16,19,18,22,25,25,17,8,6,0.34080717488789236
충북,제천시,801,16,1304,301,927,2020,96,120,114,128,116,116,111,25,14,11,33,77,96,90,108,109,122,75,41,0.2308282208588957
서울,중랑구,1373,7,1826,327,1324,2021,172,193,207,187,185,247,182,40,14,29,66,110,142,157,172,186,196,138,123,0.17907995618838993
강원,강릉시,888,14,1360,285,1054,2019,99,131,115,145,111,148,139,32,12,22,36,100,87,128,98,128,132,63,50,0.20955882352941177
충북,옥천군,120,5,160,57,102,2022,7,22,18,17,19,18,19,0,2,3,5,15,12,17,20,18,17,6,5,0.35625
서울,중랑구,1620,12,2122,462,1438,2019,188,226,253,231,242,254,226,82,45,57,81,173,139,172,163,197,228,160,123,0.2177191328934967
경기,양평군,553,9,920,218,605,2020,104,67,69,70,77,69,97,10,9,3,20,58,81,77,88,88,59,44,16,0.23695652173913043
울산,북구,632,16,991,261,656,2018,63,105,87,91,90,107,89,47,17,30,47,60,47,45,67,77,79,57,59,0.26337033299697277
서울,관악구,1419,8,1829,336,1438,2021,165,178,211,227,208,213,217,52,24,28,56,97,136,169,164,161,232,177,123,0.18370694368507381
전남,무안군,395,17,579,112,466,2019,43,57,46,55,73,68,53,10,2,4,19,47,41,55,57,54,59,27,20,0.19343696027633853
부산,진구,1544,8,2178,538,1495,2020,194,203,212,241,216,245,233,86,60,57,77,132,123,163,173,198,212,157,106,0.24701561065197428
전남,고흥군,317,17,484,141,323,2020,51,59,43,45,39,43,37,3,5,10,20,44,42,36,49,56,29,15,8,0.29132231404958675
경기,하남시,977,9,1443,286,997,2018,100,141,141,136,154,169,136,32,18,16,70,101,112,96,110,134,137,79,72,0.1981981981981982
충남,청양군,170,9,254,95,159,2020,20,25,26,27,31,21,20,5,4,2,7,21,23,19,19,28,25,11,6,0.37401574803149606
서울,은평구,867,11,1218,294,817,2021,74,125,138,128,117,150,135,25,18,23,51,84,70,103,99,110,121,95,68,0.2413793103448276
전남,장성군,225,8,367,77,264,2018,19,35,32,33,37,33,36,3,3,3,19,26,39,30,36,35,16,10,5,0.2098092643051771
전남,보성군,154,5,225,56,163,2022,19,26,26,19,21,23,20,0,0,2,9,17,20,26,23,23,16,12,6,0.24888888888888888
충북,충주시,1349,27,2229,535,1553,2018,164,204,179,216,187,208,191,41,36,25,68,133,116,144,182,173,203,140,88,0.24001794526693584
서울,동대문구,1565,15,1988,507,1340,2019,184,228,235,216,237,244,221,83,44,39,74,165,162,178,175,197,195,131,122,0.2550301810865191
경남,진주시,656,27,859,391,450,2020,61,98,89,109,100,108,91,39,21,23,36,49,50,75,65,64,101,78,55,0.4551804423748545
서울,은평구,918,9,1256,273,895,2022,110,118,130,134,145,155,126,36,20,22,39,86,87,100,122,111,120,101,74,0.21735668789808918
전북,김제시,448,24,691,206,484,2018,36,56,79,69,60,80,68,5,5,7,32,56,55,58,47,64,63,39,17,0.2981186685962373
경기,의정부시,1695,13,2479,418,1812,2020,187,258,243,227,277,237,266,79,35,52,75,158,155,162,178,213,249,217,122,0.16861637757160144
경남,통영시,685,10,1020,231,665,2020,87,89,90,106,84,116,113,22,15,18,34,46,69,80,85,85,120,80,31,0.22647058823529412
서울,중구,955,6,1248,300,814,2020,77,166,139,145,149,156,123,62,23,29,45,77,99,112,105,106,119,100,78,0.2403846153846154
전남,해남군,434,22,712,156,535,2019,50,69,64,74,57,74,46,9,5,10,32,57,68,51,57,55,49,31,10,0.21910112359550563
전남,화순군,263,3,408,85,308,2022,23,34,39,39,45,38,45,3,1,5,17,33,34,36,35,41,31,18,9,0.20833333333333334
충북,충주시,1099,21,1830,417,1361,2020,128,141,154,163,177,182,154,26,24,17,52,115,111,142,146,134,147,106,79,0.2278688524590164
대전,유성구,1645,13,2472,336,2031,2022,179,221,210,266,262,262,245,66,18,32,93,173,169,194,191,225,222,140,122,0.13592233009708737
강원,홍천군,359,16,551,110,414,2019,49,35,65,50,50,61,49,8,3,13,21,42,49,43,43,66,43,18,10,0.1996370235934664
경북,칠곡군,703,17,1102,249,649,2018,75,124,92,85,103,119,105,24,13,22,45,81,58,74,77,104,100,71,34,0.22595281306715065
전남,여수시,1635,27,2511,357,2096,2020,172,231,258,235,237,243,259,72,34,43,109,151,185,184,187,235,190,141,104,0.14217443249701314
부산,영도구,298,2,412,122,279,2022,35,33,58,38,52,41,41,7,4,4,13,37,33,44,34,38,49,18,17,0.2961165048543689
강원,정선군,167,6,244,56,182,2021,17,28,28,19,23,28,24,5,4,1,10,29,18,23,20,22,17,13,5,0.22950819672131148
서울,중구,943,2,1212,246,866,2022,70,128,156,135,137,175,142,54,27,29,39,92,93,92,125,108,143,89,52,0.20297029702970298
경기,평택시,3321,36,5051,775,3779,2021,344,455,477,518,485,575,467,106,53,81,251,295,323,319,309,456,484,369,275,0.1534349633735894
대전,중구,1128,12,1657,307,1283,2018,134,180,155,152,165,183,159,58,40,29,47,97,98,117,125,155,166,114,82,0.18527459263729631
전남,목포시,1385,20,2309,256,2029,2021,145,219,193,218,197,220,193,44,18,30,59,122,143,176,149,197,203,141,103,0.11087050671286271
인천,중구,631,6,1062,220,793,2019,70,109,99,80,81,91,101,26,12,26,49,77,64,58,70,76,79,54,40,0.2071563088512241
부산,동구,495,4,753,195,512,2020,50,77,73,64,83,72,76,12,14,16,26,43,60,62,67,60,62,46,27,0.2589641434262948
경기,하남시,1192,13,1788,264,1330,2020,128,180,157,194,174,200,159,40,16,26,73,114,128,120,149,154,176,124,72,0.1476510067114094
경기,화성시,2716,59,4257,940,3053,2018,261,419,382,421,413,472,348,117,62,73,212,301,195,240,278,343,361,315,219,0.22081277895231383
경기,평택시,3388,51,5465,991,3867,2018,319,516,499,490,515,563,486,134,81,127,267,343,284,328,328,432,458,364,242,0.18133577310155535
전북,남원시,275,18,390,130,260,2020,24,49,41,39,37,45,40,2,4,6,14,24,37,44,36,42,35,22,9,0.3333333333333333
인천,중구,493,14,787,200,543,2018,49,71,74,74,77,68,80,19,13,19,29,63,40,50,43,52,67,63,35,0.25412960609911056
경기,안성시,1072,24,1717,295,1284,2021,120,169,145,166,160,165,147,28,9,19,60,114,112,125,121,158,163,99,64,0.17181129877693652
경남,하동군,149,10,191,91,94,2018,16,23,20,20,26,26,18,1,0,4,9,18,23,21,18,21,18,9,7,0.47643979057591623
인천,계양구,879,10,1190,240,905,2019,91,135,135,131,140,138,109,40,24,33,51,112,69,76,87,116,114,84,73,0.20168067226890757
서울,강남구,3820,10,5175,676,4192,2021,334,512,611,577,601,674,511,150,86,55,109,290,375,473,451,509,535,408,379,0.1306280193236715
경기,양평군,591,13,955,223,625,2019,106,75,65,71,72,95,107,11,3,12,30,54,89,95,93,88,64,32,20,0.23350785340314137
인천,미추홀구,1141,9,1554,273,1150,2020,110,183,168,182,156,173,169,64,41,44,50,88,112,99,124,136,159,119,105,0.17567567567567569
대구,동구,1718,20,2444,574,1666,2018,202,261,251,253,227,265,259,80,51,41,86,182,160,155,197,240,231,174,121,0.234860883797054
경남,남해군,207,6,307,117,147,2020,26,29,27,31,21,28,45,7,3,6,11,28,30,34,20,35,22,6,5,0.3811074918566775
서울,강서구,1606,15,2108,359,1558,2022,176,220,241,218,244,253,254,75,37,56,88,176,155,165,179,184,207,165,119,0.170303605313093
경기,연천군,203,5,316,67,223,2020,29,27,37,31,26,31,22,4,1,1,15,15,28,26,38,29,26,12,8,0.2120253164556962
전남,함평군,152,7,244,36,159,2022,17,23,22,22,17,22,29,0,1,2,7,19,28,27,22,17,14,12,3,0.14754098360655737
강원,정선군,158,3,246,58,181,2022,16,30,14,20,17,34,27,4,1,0,4,17,26,27,23,23,18,9,6,0.23577235772357724
경북,경주시,1259,38,1909,548,1277,2021,154,165,172,155,192,207,214,26,17,17,64,112,179,173,161,177,170,102,61,0.287061288632792
울산,남구,1094,5,1423,336,997,2022,117,159,153,161,170,195,139,58,18,28,62,94,93,117,118,155,151,107,93,0.23612087139845397
충남,서천군,274,9,397,95,300,2022,41,42,43,35,44,45,24,1,0,4,14,49,42,35,40,33,26,22,8,0.23929471032745592
경남,통영시,637,6,932,243,598,2021,78,93,105,81,78,118,84,15,6,13,29,65,65,91,80,82,91,63,37,0.2607296137339056
대구,동구,1656,14,2435,441,1806,2021,187,274,225,240,200,270,260,45,35,27,54,144,174,195,227,234,282,135,104,0.1811088295687885
전북,진안군,63,7,94,32,62,2021,8,9,9,5,16,9,7,1,0,0,3,6,12,11,11,6,9,2,2,0.3404255319148936
충남,공주시,514,26,796,221,540,2020,53,75,76,80,74,71,85,18,6,17,27,52,58,63,70,64,80,37,22,0.2776381909547739
경남,고성군,209,6,273,95,170,2021,21,35,36,39,25,27,26,1,4,1,16,25,30,27,30,24,31,12,8,0.34798534798534797
경기,양평군,504,20,812,191,564,2021,67,69,67,64,65,79,93,8,2,5,25,49,65,66,79,89,60,34,22,0.23522167487684728
전남,광양시,575,15,796,157,612,2021,56,76,72,95,103,102,71,20,7,7,36,49,65,71,73,71,77,62,37,0.1972361809045226
인천,연수구,542,9,743,166,553,2021,68,77,72,74,80,85,86,18,8,10,28,67,33,53,53,74,85,67,46,0.2234185733512786
경북,군위군,135,18,227,93,132,2019,16,21,22,18,14,16,28,0,1,6,6,21,23,14,15,22,17,8,2,0.40969162995594716
경기,가평군,367,10,651,128,496,2021,67,59,34,53,37,50,67,3,1,1,22,34,46,54,62,63,42,26,13,0.1966205837173579
경북,예천군,155,8,197,79,116,2022,20,22,22,19,21,28,23,6,1,2,5,23,18,28,20,20,19,7,6,0.4010152284263959
경북,예천군,191,13,275,161,109,2020,16,21,33,32,37,27,25,3,3,2,16,25,35,25,26,19,26,4,7,0.5854545454545454
전북,순창군,110,9,134,41,77,2019,12,16,17,8,23,20,14,0,1,0,6,20,18,15,17,13,12,6,2,0.30597014925373134
충남,서산시,737,24,1067,384,628,2020,81,117,109,104,103,121,102,33,10,22,47,68,79,77,80,104,87,71,59,0.3598875351452671
